id,brand_id,name,name_en,category,sub_category,equipment_type,pulley_ratio,bar_weight,bar_weight_unit,has_weight_assist,min_stack,max_stack,stack_weight,stack_unit,image_url
b6bc5c86-ff02-48a0-a35c-9ee42172700f,5a83446f-440a-5e5a-8071-f62e6244cbe6,Iso-Lateral High Row,Iso-Lateral High Row,back,upper_back,machine,1.0,,,false,0.0,120.0,"{""value"": 5.0}",kg,https://www.lifefitness.com.au/wp-content/uploads/2015/02/IL-HR-MIDBLK-Iso-Lateral-High-Row.jpg
4cfb1e70-3807-469a-8b56-072766c52ab4,5a83446f-440a-5e5a-8071-f62e6244cbe6,MTS Iso-Lateral High Row,MTS Iso-Lateral High Row,back,upper_back,machine,1.0,,,false,10.0,150.0,"{""value"": 10.0}",lb,https://www.lifefitness.com.au/wp-content/uploads/2020/07/CS-HSMTS_MTSHR-hero.png
ca6e2e7b-b2ee-4b0a-85fb-2ee516373357,5a83446f-440a-5e5a-8071-f62e6244cbe6,MTS Iso-Lateral Front Pulldown,MTS Iso-Lateral Front Pulldown,back,upper_back,machine,1.0,,,false,10.0,150.0,"{""value"": 10.0}",lb,https://www.lifefitness.com.au/wp-content/uploads/2020/07/CS-HSMTS_MTSFP-hero.png
00f1ee81-9b15-43b8-aa1e-f4497ce00ed9,5a83446f-440a-5e5a-8071-f62e6244cbe6,Hammer Strength Select Pulldown,Hammer Strength Select Pulldown,back,upper_back,machine,1.0,,,false,10.0,295.0,"{""value"": 15.0}",lb,https://shop.lifefitness.com/cdn/shop/files/outlet-hammer-strength-select-lat-pulldown-charcoal-black-1000x1000_1200x1200.jpg?v=1748945131
c0e9d8dd-ef31-449c-92a0-5f533132e578,5a83446f-440a-5e5a-8071-f62e6244cbe6,Iso-Lateral Wide Pulldown,Iso-Lateral Wide Pulldown,back,upper_back,machine,1.0,2.0,lb,false,0.0,120.0,"{""value"": 5.0}",kg,https://encrypted-tbn0.gstatic.com/images?q=tbn:ANd9GcTr3gpMtnWzAnytxA-7_DgdWTIG6ebJru6S6Q&s
ae593cd8-56a9-4175-ac62-599358819a80,5a83446f-440a-5e5a-8071-f62e6244cbe6,MTS Iso-Lateral Row,MTS Iso-Lateral Row,back,lower_back,machine,1.0,,,false,10.0,150.0,"{""value"": 10.0}",lb,https://shop.lifefitness.com/cdn/shop/files/hammer-strength-motion-technology-selectorizediso-lateral-rowbase-charcoal-black_1200x1200.jpg?v=1774898265
fde366f4-3d4a-434d-b9ea-953ac2450e3d,5a83446f-440a-5e5a-8071-f62e6244cbe6,Hammer Strength Select Seated Row,Hammer Strength Select Seated Row,back,lower_back,machine,1.0,,,false,10.0,295.0,"{""value"": 15.0}",lb,https://www.lifefitness.com.au/wp-content/uploads/2020/07/HSSelect-SeatedRow-01CPR-hero.png
1a4c5c46-b772-42eb-8d8f-d3193c870411,5a83446f-440a-5e5a-8071-f62e6244cbe6,T-Bar Row,T-Bar Row,back,lower_back,machine,1.0,40.0,lb,false,0.0,175.0,"{""value"": 5.0}",kg,https://www.lifefitness.com/Kentico13CoreBase/media/LFMedia/LifeFitnessImages/Equipment/Strength/Plate-Loaded/T-Bar%20Row/Strength-PlateLoaded-TBarRow-Render-1.png?ext=.png
7c8d3d90-04b9-432b-ab25-22d706821801,5a83446f-440a-5e5a-8071-f62e6244cbe6,MTS Iso-Lateral Shoulder Press,MTS Iso-Lateral Shoulder Press,shoulders,front_delt,machine,1.0,,,false,10.0,150.0,"{""value"": 10.0}",lb,https://www.lifefitness.com.au/wp-content/uploads/2020/07/CS-HSMTS_MTSSP-hero.png
d45d8acd-a416-4170-9a2e-5e65c3a573ae,5a83446f-440a-5e5a-8071-f62e6244cbe6,Hammer Strength Select Shoulder Press,Hammer Strength Select Shoulder Press,shoulders,front_delt,machine,1.0,,,false,10.0,200.0,"{""pattern"": [{""from"": 1, ""to"": 5, ""value"": 10.0}, {""from"": 6, ""to"": 15, ""value"": 15.0}]}",lb,https://shop.lifefitness.com/cdn/shop/files/outlet-hammer-strength-select-shoulder-press-charcoal-black-1000x1000_1200x1200.jpg?v=1748945064
8c53382f-ef12-4f5e-aaca-c82c07ec35b0,5a83446f-440a-5e5a-8071-f62e6244cbe6,Plate Loaded Iso-Lateral Shoulder Press,Plate Loaded Iso-Lateral Shoulder Press,shoulders,front_delt,machine,1.0,10.0,lb,false,0.0,80.0,"{""value"": 5.0}",kg,https://www.lifefitness.com.au/wp-content/uploads/2025/08/IL-SP-RED-CHR-BLK-2.png.webp
69a902e8-51c5-405b-bb7c-76cbf2a05acd,5a83446f-440a-5e5a-8071-f62e6244cbe6,Hammer Strength Select Lateral Raise,Hammer Strength Select Lateral Raise,shoulders,side_delt,machine,2.0,,,false,10.0,200.0,"{""pattern"": [{""from"": 1, ""to"": 5, ""value"": 10.0}, {""from"": 6, ""to"": 15, ""value"": 15.0}]}",lb,https://www.lifefitness.com/Kentico13CoreBase/media/LFMedia/LifeFitnessImages/MediaSync/31-695-hammer-strength-select-lateral-raise-image.jpg?h=630&w=1200
1c1c2fc5-6230-4763-8a32-193aeba72a5f,5a83446f-440a-5e5a-8071-f62e6244cbe6,Plate Loaded Lateral Raise,Plate Loaded Lateral Raise,shoulders,side_delt,machine,1.0,1.0,lb,false,0.0,30.0,"{""value"": 5.0}",kg,https://encrypted-tbn0.gstatic.com/images?q=tbn:ANd9GcTmwCQnDliuC-oblLLEwcFmzHdJ1hG_W_zx_w&s
f97ee435-5cd5-44dd-87e3-fa35a7bfce54,5a83446f-440a-5e5a-8071-f62e6244cbe6,Select Pectoral Fly/Rear Deltoid,Select Pectoral Fly/Rear Deltoid,shoulders,rear_delt,machine,1.0,,,false,10.0,295.0,"{""value"": 15.0}",lb,https://www.lifefitness.com.au/wp-content/uploads/2020/07/HSSelect-PecFlyRearDelt-01CPL-hero.png
f6600405-5fd9-4aa5-864a-0d5788e79546,5a83446f-440a-5e5a-8071-f62e6244cbe6,Plate Loaded Super Fly,Plate Loaded Super Fly,shoulders,rear_delt,machine,1.0,14.0,lb,false,0.0,60.0,"{""value"": 5.0}",kg,https://encrypted-tbn0.gstatic.com/images?q=tbn:ANd9GcSdwizD9IgMRtj4qH7Ye8pRpecK3p1P8vIt-w&s
a330d5f3-7577-467f-8ea4-25bc6549c4d0,5a83446f-440a-5e5a-8071-f62e6244cbe6,MTS Iso-Lateral Incline Press,MTS Iso-Lateral Incline Press,chest,upper_chest,machine,1.0,,,false,10.0,150.0,"{""value"": 10.0}",lb,https://www.lifefitness.com.au/wp-content/uploads/2020/07/CS-HSMTS_MTSIP-hero.png
de9899fe-ebe1-48d3-8f1d-e97fb3cab291,5a83446f-440a-5e5a-8071-f62e6244cbe6,Plate Loaded Iso-Lateral Incline Press,Plate Loaded Iso-Lateral Incline Press,chest,upper_chest,machine,1.0,8.0,lb,false,0.0,100.0,"{""value"": 5.0}",kg,https://www.lifefitness.com.au/wp-content/uploads/2015/02/IL-IP-MIDBLK-Iso-Lateral-Incline-Press-720x720.jpg.webp
5bfab158-11ac-4dac-8ea2-462a7e95b233,5a83446f-440a-5e5a-8071-f62e6244cbe6,Plate Loaded Iso-Lateral Bench Press,Plate Loaded Iso-Lateral Bench Press,chest,mid_chest,machine,1.0,7.0,lb,false,0.0,100.0,"{""value"": 5.0}",kg,https://www.lifefitness.com.au/wp-content/uploads/2015/02/IL-BP-MIDBLK-Iso-Lateral-Bench-Press.jpg
33e41f49-5a0a-4a67-bb84-e296e897667b,5a83446f-440a-5e5a-8071-f62e6244cbe6,MTS Iso-Lateral Chest Press,MTS Iso-Lateral Chest Press,chest,mid_chest,machine,1.0,,,false,10.0,150.0,"{""value"": 10.0}",lb,https://www.lifefitness.com.au/wp-content/uploads/2020/07/CS-HSMTS_MTSCP-hero.png
ca83c9ee-1ef4-4061-9477-db0d4e5dc8b1,5a83446f-440a-5e5a-8071-f62e6244cbe6,MTS Iso-Lateral Decline Press,MTS Iso-Lateral Decline Press,chest,lower_chest,machine,1.0,,,false,10.0,150.0,"{""value"": 10.0}",lb,https://www.lifefitness.com.au/wp-content/uploads/2020/07/CS-HSMTS_MTSDP-hero.png
c24bd57b-1db7-4d96-a7f7-c75117203b11,5a83446f-440a-5e5a-8071-f62e6244cbe6,Plate Loaded Seated Biceps,Plate Loaded Seated Biceps,arms,biceps,machine,1.0,4.0,lb,false,0.0,100.0,"{""value"": 5.0}",kg,https://www.lifefitness.com.au/wp-content/uploads/2015/02/PL-BI-MIDBL-Seated-Biceps.jpg
f9173625-8b40-46a9-b67b-4b2aba396968,5a83446f-440a-5e5a-8071-f62e6244cbe6,MTS Iso-Lateral Biceps Curl,MTS Iso-Lateral Biceps Curl,arms,biceps,machine,1.0,,,false,10.0,100.0,"{""value"": 10.0}",lb,https://www.lifefitness.com.au/wp-content/uploads/2025/05/Iso-Lateral-Biceps-Curl.jpg
92127a9c-730e-4013-92ce-85873a4b4028,5a83446f-440a-5e5a-8071-f62e6244cbe6,Hammer Strength Select Biceps Curl,Hammer Strength Select Biceps Curl,arms,biceps,machine,1.0,,,false,10.0,200.0,"{""pattern"": [{""from"": 1, ""to"": 5, ""value"": 10.0}, {""from"": 6, ""to"": 15, ""value"": 15.0}]}",lb,https://shop.lifefitness.com/cdn/shop/files/hammer-strength-selectbiceps-curl-charcoal-black-1000x1000_1200x1200.jpg?v=1748945074
cf32e0d1-1d00-4014-9ad0-acf6b20b90a7,5a83446f-440a-5e5a-8071-f62e6244cbe6,MTS Iso-Lateral Triceps Extension,MTS Iso-Lateral Triceps Extension,arms,triceps,machine,1.0,,,false,10.0,100.0,"{""value"": 10.0}",lb,https://www.lifefitness.com.au/wp-content/uploads/2020/07/CS-HSMTS_MTSTE-hero.png
6d981d81-6667-44bc-a240-dfd64f62134b,5a83446f-440a-5e5a-8071-f62e6244cbe6,Hammer Strength Select Triceps Extension,Hammer Strength Select Triceps Extension,arms,triceps,machine,1.0,,,false,10.0,200.0,"{""pattern"": [{""from"": 1, ""to"": 5, ""value"": 10.0}, {""from"": 6, ""to"": 15, ""value"": 15.0}]}",lb,https://www.lifefitness.com.au/wp-content/uploads/2020/07/HSSelect-TriExtension-01CPH-hero.png
91dd2f21-b791-4ea8-8305-01482d045eaa,5a83446f-440a-5e5a-8071-f62e6244cbe6,Hammer Strength Select Assist Dip / Chin,Hammer Strength Select Assist Dip / Chin,arms,triceps,machine,1.0,,,false,10.0,175.0,"{""value"": 15.0}",lb,https://www.lifefitness.com.au/wp-content/uploads/2020/07/HSSelect-AsstDipChin-01CPR-hero.png
b6f855d3-27cf-41cb-9696-fbacc05c8529,5a83446f-440a-5e5a-8071-f62e6244cbe6,Plate Loaded Seated Dip,Plate Loaded Seated Dip,arms,triceps,machine,1.0,3.0,lb,false,0.0,100.0,"{""value"": 5.0}",kg,https://encrypted-tbn0.gstatic.com/images?q=tbn:ANd9GcQBWpw9hwNqXtc1tlPtLo07PtoGj2SFEaCXaw&s
1bde4266-92b5-429b-9f9d-ecbadf143715,5a83446f-440a-5e5a-8071-f62e6244cbe6,Plate Loaded Leg Press,Plate Loaded Leg Press,legs,quads,machine,1.0,21.0,lb,false,0.0,120.0,"{""value"": 5.0}",kg,https://www.lifefitness.com.au/wp-content/uploads/2025/05/10-1536x1536.jpg.webp
20f53b69-e1d9-4cd1-8f40-09fe644c4141,5a83446f-440a-5e5a-8071-f62e6244cbe6,Plate Loaded Hack Squat,Plate Loaded Hack Squat,legs,quads,machine,1.0,125.0,lb,false,0.0,160.0,"{""value"": 5.0}",kg,https://shop.lifefitness.com/cdn/shop/files/plate-loaded-hammer-strength-hack-squat-black_1200x1200.jpg?v=1748945156
4f0113a1-b2cf-49d1-b9ad-843049a4b94b,5a83446f-440a-5e5a-8071-f62e6244cbe6,Plate Loaded V-Squat,Plate Loaded V-Squat,legs,quads,machine,1.0,54.0,lb,false,0.0,120.0,"{""value"": 5.0}",kg,https://www.lifefitness.com.au/wp-content/uploads/2015/02/PLVSQ-WG.jpg
21524b6c-e1e3-45cc-b82e-c258dc963044,5a83446f-440a-5e5a-8071-f62e6244cbe6,Hammer Strength Select Seated Leg Press,Hammer Strength Select Seated Leg Press,legs,quads,machine,1.0,,,false,10.0,390.0,"{""value"": 20.0}",lb,https://www.lifefitness.com.au/wp-content/uploads/2020/07/HSSelect-LegPress-01CPL-hero-400x400.png
f54d70f0-9362-4330-8e4f-4c61faa36b92,5a83446f-440a-5e5a-8071-f62e6244cbe6,Hammer Strength Select Leg Extension,Hammer Strength Select Leg Extension,legs,quads,machine,1.0,,,false,10.0,295.0,"{""value"": 15.0}",lb,https://www.lifefitness.com.au/wp-content/uploads/2020/07/HSSelect-LegExtension-01CPH-hero.png
1bbfc63e-e90a-4d6f-91fa-d427746c461c,5a83446f-440a-5e5a-8071-f62e6244cbe6,MTS Iso-Lateral Leg Curl,MTS Iso-Lateral Leg Curl,legs,hamstrings,machine,1.0,,,false,10.0,150.0,"{""value"": 10.0}",lb,https://www.lifefitness.com.au/wp-content/uploads/2020/07/CS-HSMTS_MTSKC-hero.png
468015e1-14ae-4df5-bf34-dc7e479dbc9f,5a83446f-440a-5e5a-8071-f62e6244cbe6,Hammer Strength Select Leg Curl,Hammer Strength Select Leg Curl,legs,hamstrings,machine,1.0,,,false,10.0,200.0,"{""pattern"": [{""from"": 1, ""to"": 5, ""value"": 10.0}, {""from"": 6, ""to"": 15, ""value"": 15.0}]}",lb,https://shop.lifefitness.com/cdn/shop/files/outlet-hammer-strength-select-leg-curl-charcoal-black-1000x1000_1200x1200.jpg?v=1746125128
5d130ddc-e1c6-45d9-af22-5378ecdc570a,5a83446f-440a-5e5a-8071-f62e6244cbe6,Plate Loaded Iso-Lateral Leg Curl,Plate Loaded Iso-Lateral Leg Curl,legs,hamstrings,machine,1.0,2.0,lb,false,0.0,30.0,"{""value"": 5.0}",kg,https://www.lifefitness.com.au/wp-content/uploads/2015/02/IL-LC-CUSTOM.jpg
1081a8d8-c2bc-4d38-bd4f-ab22a66fef1e,5a83446f-440a-5e5a-8071-f62e6244cbe6,Plate Loaded Assisted Nordic Ham,Plate Loaded Assisted Nordic Ham,legs,hamstrings,machine,1.0,18.0,lb,false,0.0,80.0,"{""value"": 5.0}",kg,https://encrypted-tbn0.gstatic.com/images?q=tbn:ANd9GcSzw5WOCP8UEG8NI4LpS-Y0E3YyuBUfdek9jQ&s
312c973a-1aa9-4bc2-aa19-c383ba560fcf,5a83446f-440a-5e5a-8071-f62e6244cbe6,MTS Abdominal Crunch,MTS Abdominal Crunch,core,abs,machine,1.0,,,false,10.0,150.0,"{""value"": 10.0}",lb,https://www.lifefitness.com.au/wp-content/uploads/2020/07/CS-HSMTS_MTSAB-hero.png
c1415ccb-9224-4781-9c84-8a74d9442f72,5a83446f-440a-5e5a-8071-f62e6244cbe6,Hammer Strength Select Abdominal Crunch,Hammer Strength Select Abdominal Crunch,core,abs,machine,1.0,,,false,10.0,200.0,"{""pattern"": [{""from"": 1, ""to"": 5, ""value"": 10.0}, {""from"": 6, ""to"": 15, ""value"": 15.0}]}",lb,https://www.lifefitness.com.au/wp-content/uploads/2015/02/Abdominal-Crunch.jpg
b2ccccfe-ac97-4fbc-aa75-dc92f9a9f4fb,5a83446f-440a-5e5a-8071-f62e6244cbe6,Plate Loaded Abdominal / Oblique Crunch,Plate Loaded Abdominal / Oblique Crunch,core,abs,machine,1.0,25.0,lb,false,0.0,30.0,"{""value"": 5.0}",kg,https://www.lifefitness.com.au/wp-content/uploads/2015/02/PL-AB-CUSTOM.jpg
724fbe01-a574-4b36-a28e-dcdcfdfcdae5,1decce92-8e90-5ce9-94c4-d66989a4981d,Torque Line Wide Pulldown Front,Torque Line Wide Pulldown Front,back,upper_back,machine,1.0,,,false,0.0,120.0,"{""value"": 5.0}",kg,https://cdn.imweb.me/thumbnail/20240604/e340605775f8c.png
b9b0ee51-610e-4546-bbf1-6172c3736808,1decce92-8e90-5ce9-94c4-d66989a4981d,Torque Line Wide Pulldown Rear,Torque Line Wide Pulldown Rear,back,upper_back,machine,1.0,,,false,0.0,120.0,"{""value"": 5.0}",kg,https://cdn-optimized.imweb.me/thumbnail/20241121/425aa3e3731ba.png?w=750
27632a4b-d5e9-40df-ba5a-6152d4153619,1decce92-8e90-5ce9-94c4-d66989a4981d,Advance Lat Pulldown,Advance Lat Pulldown,back,upper_back,machine,2.0,,,false,5.0,125.0,"{""value"": 5.0}",kg,https://cdn-optimized.imweb.me/thumbnail/20241005/a185de1752b78.png?w=750
e4b68832-bd2d-4996-a062-f08c96736e23,1decce92-8e90-5ce9-94c4-d66989a4981d,Torque Line Front Row,Torque Line Front Row,back,upper_back,machine,1.0,,,false,0.0,120.0,"{""value"": 5.0}",kg,https://cdn-optimized.imweb.me/upload/S20230404ba35399600d96/f14b562d56395.png?w=1920
98aeba22-b028-49c2-adfb-b74ac5384589,1decce92-8e90-5ce9-94c4-d66989a4981d,Torque Line Seated Row,Torque Line Seated Row,back,lower_back,machine,1.0,,,false,0.0,120.0,"{""value"": 5.0}",kg,https://cdn-optimized.imweb.me/upload/S20230404ba35399600d96/73e8ab4cc699b.png?w=1920
d5123039-4a87-4e5c-97fd-bfcff2e65ed8,1decce92-8e90-5ce9-94c4-d66989a4981d,Torque Line Low Row,Torque Line Low Row,back,lower_back,machine,1.0,,,false,0.0,120.0,"{""value"": 5.0}",kg,https://cdn-optimized.imweb.me/upload/S20230404ba35399600d96/950078b9074c3.png?w=1920
1f50a13b-9e6a-4735-99e0-ee1c288d7678,1decce92-8e90-5ce9-94c4-d66989a4981d,GHD 90° Roman Chair,GHD 90° Roman Chair,back,lower_back,machine,1.0,,,false,,,,,https://cdn-optimized.imweb.me/thumbnail/20240626/6961d356cc86b.png?w=750
77138264-6d7e-422d-b23f-033ffab52c10,1decce92-8e90-5ce9-94c4-d66989a4981d,Torque Line Shoulder Press,Torque Line Shoulder Press,shoulders,front_delt,machine,1.0,,,false,0.0,120.0,"{""value"": 5.0}",kg,https://cdn-optimized.imweb.me/thumbnail/20241121/ac128c9f39f24.png?w=750
74a84bde-b231-4aa9-9046-e1e1c935bada,1decce92-8e90-5ce9-94c4-d66989a4981d,Advance Shoulder Press,Advance Shoulder Press,shoulders,front_delt,machine,2.0,,,false,5.0,125.0,"{""value"": 5.0}",kg,https://cdn.imweb.me/thumbnail/20241005/d7807c4933046.png
8382e747-afcd-470b-b41f-7a0dd3e2a834,1decce92-8e90-5ce9-94c4-d66989a4981d,Side Lateral Raise,Side Lateral Raise,shoulders,side_delt,machine,1.0,,,false,5.0,100.0,"{""value"": 5.0}",kg,https://cdn-optimized.imweb.me/thumbnail/20240617/cef87581efb74.png?w=750
b4975333-9543-4b69-8926-dd3c9e4e0fb6,1decce92-8e90-5ce9-94c4-d66989a4981d,Advance Pec Deck Fly (Reverse),Advance Pec Deck Fly (Reverse),shoulders,rear_delt,machine,2.0,,,false,5.0,100.0,"{""value"": 5.0}",kg,https://cdn-optimized.imweb.me/upload/S20230404ba35399600d96/3187d893538c7.png?w=1920
67bda34c-d1b7-4ae7-aa43-11bb74ae40a7,1decce92-8e90-5ce9-94c4-d66989a4981d,Torque Line Incline Chest Press,Torque Line Incline Chest Press,chest,upper_chest,machine,1.0,,,false,0.0,120.0,"{""value"": 5.0}",kg,https://cdn-optimized.imweb.me/thumbnail/20241223/86f8f1556274f.png?w=750
13052afb-36e6-4fef-8e5d-e6048c40e9a6,1decce92-8e90-5ce9-94c4-d66989a4981d,Advance Incline Chest Press,Advance Incline Chest Press,chest,upper_chest,machine,2.0,,,false,5.0,100.0,"{""value"": 5.0}",kg,https://cdn.imweb.me/thumbnail/20230607/e87c83733fc1e.png
814ba304-6aa1-4ba7-ba97-04df06fd8848,1decce92-8e90-5ce9-94c4-d66989a4981d,Torque Line Wide Chest Press,Torque Line Wide Chest Press,chest,mid_chest,machine,1.0,,,false,0.0,120.0,"{""value"": 5.0}",kg,https://cdn-optimized.imweb.me/thumbnail/20240628/d852b1c7e8cd9.png?w=750
e4913cd6-efd3-43d5-981a-45b5bc239977,1decce92-8e90-5ce9-94c4-d66989a4981d,Advance Seated Chest Press,Advance Seated Chest Press,chest,mid_chest,machine,2.0,,,false,5.0,100.0,"{""value"": 5.0}",kg,https://cdn-optimized.imweb.me/thumbnail/20230720/fa550808f1e55.png?w=750
344e3a37-a266-477b-8ffd-3f03e00cf2c8,1decce92-8e90-5ce9-94c4-d66989a4981d,Pec Deck Fly,Pec Deck Fly,chest,mid_chest,machine,2.0,,,false,0.0,120.0,"{""value"": 5.0}",kg,https://cdn.imweb.me/thumbnail/20250227/cae9d020a3231.png
71cd26ee-394a-4669-9e1a-c4fdc554dc9e,1decce92-8e90-5ce9-94c4-d66989a4981d,Torque Line Chest & Decline Combo,Torque Line Chest & Decline Combo,chest,lower_chest,machine,1.0,,,false,0.0,120.0,"{""value"": 5.0}",kg,https://cdn-optimized.imweb.me/thumbnail/20231104/02e790ae82f67.png?w=750
209b9675-eca3-4bb8-8246-42ffd3c88bfe,1decce92-8e90-5ce9-94c4-d66989a4981d,Plate Decline Chest Press,Plate Decline Chest Press,chest,lower_chest,machine,1.0,,,false,0.0,120.0,"{""value"": 5.0}",kg,https://cdn.imweb.me/thumbnail/20240626/433451d3302e8.png
c7ed172e-530b-4053-8970-76a1af1db288,1decce92-8e90-5ce9-94c4-d66989a4981d,Arm Curl,Arm Curl,arms,biceps,machine,1.0,,,false,5.0,100.0,"{""value"": 5.0}",kg,https://cdn-optimized.imweb.me/upload/S20230404ba35399600d96/e17a42e266f75.png?w=1920
67ee5817-ce22-40e8-b40d-96a8c505cba4,1decce92-8e90-5ce9-94c4-d66989a4981d,Preacher Curl,Preacher Curl,arms,biceps,machine,1.0,7.5,kg,false,0.0,100.0,"{""value"": 5.0}",kg,https://cdn-optimized.imweb.me/thumbnail/20240626/238370125d653.png?w=750
8b92bac4-98be-4277-bae3-e45b39629d22,1decce92-8e90-5ce9-94c4-d66989a4981d,Advance Seated Dip,Advance Seated Dip,arms,triceps,machine,1.0,,,false,5.0,100.0,"{""value"": 5.0}",kg,https://cdn-optimized.imweb.me/upload/S20230404ba35399600d96/0cebcf43f4d2c.png?w=1920
e6a22037-ad56-4e23-b10f-1d718a443276,1decce92-8e90-5ce9-94c4-d66989a4981d,Over Head Extension,Over Head Extension,arms,triceps,machine,1.0,,,false,0.0,120.0,"{""value"": 5.0}",kg,https://cdn-optimized.imweb.me/upload/S20230404ba35399600d96/50f93dec07c95.png?w=1920
b2640296-a9cf-4722-a1b3-2eafeab53059,1decce92-8e90-5ce9-94c4-d66989a4981d,Advance Power Leg Press,Advance Power Leg Press,legs,quads,machine,1.0,,,false,0.0,120.0,"{""value"": 5.0}",kg,https://cdn-optimized.imweb.me/thumbnail/20241121/f753231d59394.png?w=750
0857ee52-c036-40e8-b202-2c666ad65188,1decce92-8e90-5ce9-94c4-d66989a4981d,Leg Extension,Leg Extension,legs,quads,machine,2.0,,,false,5.0,125.0,"{""value"": 5.0}",kg,https://cdn-optimized.imweb.me/upload/S20230404ba35399600d96/11b75d83d3544.png?w=1920
602a5d88-860c-4e29-b93f-274a45b7278e,1decce92-8e90-5ce9-94c4-d66989a4981d,Hack Squat,Hack Squat,legs,quads,machine,1.0,,,false,0.0,120.0,"{""value"": 5.0}",kg,https://cdn-optimized.imweb.me/upload/S20230404ba35399600d96/684825218fff3.png?w=1920
41428c51-d3da-45dc-8d06-316247033d1d,1decce92-8e90-5ce9-94c4-d66989a4981d,V-Squat,V-Squat,legs,quads,machine,1.0,,,false,0.0,120.0,"{""value"": 5.0}",kg,https://sposportsmall.co.kr/web/product/big/202401/f287ccb309db321df1804e002b6c09cf.png
9e7a9577-1a5e-49bf-bf5c-7a990bbdb227,1decce92-8e90-5ce9-94c4-d66989a4981d,Torque Line Kneeling Leg Curl,Torque Line Kneeling Leg Curl,legs,hamstrings,machine,1.0,,,false,0.0,120.0,"{""value"": 5.0}",kg,https://cdn-optimized.imweb.me/upload/S20230404ba35399600d96/b9198460dbaa3.png?w=1920
7bb7197f-89dc-466a-906d-15e1b8b0906b,1decce92-8e90-5ce9-94c4-d66989a4981d,Lying Leg Curl,Lying Leg Curl,legs,hamstrings,machine,2.0,,,false,5.0,125.0,"{""value"": 5.0}",kg,https://cdn-optimized.imweb.me/thumbnail/20240523/e756323f97a73.png?w=750
03814c50-4988-42fa-9358-b09ded728116,1decce92-8e90-5ce9-94c4-d66989a4981d,Abdominal Crunch,Abdominal Crunch,core,abs,machine,1.0,,,false,5.0,75.0,"{""value"": 5.0}",kg,https://cdn-optimized.imweb.me/upload/S20230404ba35399600d96/d8449d940dc57.png?w=1920
91b90e10-cf49-4586-8bf2-f95b474f015b,2eec52b6-35a4-57ee-8591-72283071f9e3,Pullover Machine,Pullover Machine,back,upper_back,machine,1.0,,,false,5.0,100.0,"{""value"": 5.0}",kg,https://encrypted-tbn0.gstatic.com/images?q=tbn:ANd9GcRUkCi62gDO_iImFM-WvC8SvkOCMmgWrKlbng&s
73068157-25fc-4359-817f-e4820f8eaa3f,2eec52b6-35a4-57ee-8591-72283071f9e3,Lat Pulldown,Lat Pulldown,back,upper_back,machine,1.0,,,false,5.0,100.0,"{""value"": 5.0}",kg,https://encrypted-tbn0.gstatic.com/images?q=tbn:ANd9GcS1B8lVq5Ep1ycCZfPLYVkaGJbJ2AjWhBB8Lg&s
92e82d08-8376-4b76-a3f6-9701d49d33a1,2eec52b6-35a4-57ee-8591-72283071f9e3,Lat Pulldown SC,Lat Pulldown SC,back,upper_back,machine,1.0,,,false,5.0,80.0,"{""value"": 5.0}",kg,https://encrypted-tbn0.gstatic.com/images?q=tbn:ANd9GcTi3t_71Uu8lDLyeBOJciNV_eZbIgcDO9boaw&s
22cbf7fd-44b5-429f-99dd-c90cf252935a,2eec52b6-35a4-57ee-8591-72283071f9e3,High Row,High Row,back,upper_back,machine,1.0,,,false,0.0,270.0,"{""value"": 5.0}",kg,https://encrypted-tbn0.gstatic.com/images?q=tbn:ANd9GcQgzG9mEg_mBPeXnk0UpeHHaddChC2jyLLh4w&s
ec620436-cabb-4f29-8813-1645eb4bd0ee,2eec52b6-35a4-57ee-8591-72283071f9e3,Super lat pulldown circular,Super lat pulldown circular,back,upper_back,machine,1.0,,,false,0.0,240.0,"{""value"": 5.0}",kg,https://encrypted-tbn0.gstatic.com/images?q=tbn:ANd9GcTjBABHJ5b71zhGG_dOp1cUJyedfdOWzjCCXQ&s
462123c8-665c-4973-b92f-af706f03ca79,2eec52b6-35a4-57ee-8591-72283071f9e3,Pulley Row,Pulley Row,back,lower_back,machine,1.0,,,false,5.0,80.0,"{""value"": 5.0}",kg,https://encrypted-tbn0.gstatic.com/images?q=tbn:ANd9GcQjV8yo9wP3pSTRLT2Ch6bu7vc1t7GFA_VPdg&s
b4b7db6f-fbd9-4a84-b21f-58328c0b0d00,2eec52b6-35a4-57ee-8591-72283071f9e3,Low Row,Low Row,back,lower_back,machine,1.0,5.0,kg,false,0.0,270.0,"{""value"": 5.0}",kg,https://encrypted-tbn0.gstatic.com/images?q=tbn:ANd9GcSkNpTzHzbCb_CmWeAEITHeMPz2CfBkcgpmJQ&s
656293a3-578d-43e8-b80f-c224c0d93c0e,2eec52b6-35a4-57ee-8591-72283071f9e3,Adjustable back extension,Adjustable back extension,back,lower_back,machine,1.0,,,false,,,,,https://encrypted-tbn0.gstatic.com/images?q=tbn:ANd9GcR_gamG7GYYzT4i3BDELumXPTB-7rNJMt1WTw&s
d9b7ac61-fdd3-4ab7-8be0-27b7d505df0d,2eec52b6-35a4-57ee-8591-72283071f9e3,Multi Press,Multi Press,shoulders,front_delt,machine,1.0,,,false,5.0,80.0,"{""value"": 5.0}",kg,https://encrypted-tbn0.gstatic.com/images?q=tbn:ANd9GcQN34r8T9K6WtOfqYeKc3XdxgL4diKbTKq1yQ&s
4cacbc8f-26dd-48ec-a7cd-0f3a0426af3c,2eec52b6-35a4-57ee-8591-72283071f9e3,Lateral deltoids,Lateral deltoids,shoulders,side_delt,machine,1.0,,,false,0.0,220.0,"{""value"": 5.0}",kg,https://encrypted-tbn0.gstatic.com/images?q=tbn:ANd9GcSZGcBNS2jTOXful9wigpIxHyPQSbYVaM4V7Q&s
a1a42a00-dcd6-4a92-a8bb-2361e297bf55,2eec52b6-35a4-57ee-8591-72283071f9e3,Back deltoids,Back deltoids,shoulders,rear_delt,machine,1.0,,,false,0.0,220.0,"{""value"": 5.0}",kg,https://encrypted-tbn0.gstatic.com/images?q=tbn:ANd9GcRnXztvdoZtiZx03V6TIAd2YcoKTME-pSDDlA&s
6fddb51b-6c16-4e9f-b815-415e7601ac03,2eec52b6-35a4-57ee-8591-72283071f9e3,Peck Back,Peck Back,shoulders,rear_delt,machine,1.0,,,false,5.0,100.0,"{""value"": 5.0}",kg,https://encrypted-tbn0.gstatic.com/images?q=tbn:ANd9GcRvOie-DO2wsCsa6QKfCuBlRF4-cYIMkXsE8A&s
910c3910-c313-47a6-8c7f-9161eea7de3d,2eec52b6-35a4-57ee-8591-72283071f9e3,Inclined Chest Press,Inclined Chest Press,chest,upper_chest,machine,1.0,5.0,kg,false,0.0,120.0,"{""value"": 5.0}",kg,https://encrypted-tbn0.gstatic.com/images?q=tbn:ANd9GcT8IoGZnul2_S_ldz_UPpLBWmnzYFVOSjskdg&s
20092f3c-4999-49bd-8ba6-4f51b5d0014e,2eec52b6-35a4-57ee-8591-72283071f9e3,Multipurpose Press,Multipurpose Press,chest,upper_chest,machine,1.0,,,false,5.0,100.0,"{""value"": 5.0}",kg,https://encrypted-tbn0.gstatic.com/images?q=tbn:ANd9GcSgWSYQAQboLW2pLTTiUt-bUPc3y3tj4ECwVw&s
0c6816c6-27e5-4cb2-a998-09ae8ef3a566,2eec52b6-35a4-57ee-8591-72283071f9e3,Super Horizontal Bench Press,Super Horizontal Bench Press,chest,mid_chest,machine,1.0,10.0,kg,false,0.0,270.0,"{""value"": 5.0}",kg,https://encrypted-tbn0.gstatic.com/images?q=tbn:ANd9GcTlchoxAiBGnV3B_bBJ18S1pb1GEDtQqLVMSQ&s
5d7c3d55-2f30-4d43-97f5-5cddce04c959,2eec52b6-35a4-57ee-8591-72283071f9e3,Vertical chest press,Vertical chest press,chest,mid_chest,machine,1.0,,,false,5.0,100.0,"{""value"": 5.0}",kg,https://encrypted-tbn0.gstatic.com/images?q=tbn:ANd9GcQzfcayVjCZDHqYWd4c4ghNGyzn6y6m7Cr2Qg&s
2a76d9ef-83a4-422d-ac89-dbfc9ad989dc,2eec52b6-35a4-57ee-8591-72283071f9e3,Vertical Pec Deck,Vertical Pec Deck,chest,mid_chest,machine,1.0,,,false,5.0,150.0,"{""value"": 5.0}",kg,https://encrypted-tbn0.gstatic.com/images?q=tbn:ANd9GcQ3mkoElIOzBgEXlUSGJCMfvNxzrZK5vWVe3w&s
15282ad6-a3fc-4be8-a95a-5e974632adff,2eec52b6-35a4-57ee-8591-72283071f9e3,Multi Press,Multi Press,chest,mid_chest,machine,1.0,,,false,5.0,80.0,"{""value"": 5.0}",kg,https://encrypted-tbn0.gstatic.com/images?q=tbn:ANd9GcQi61juK7Pc4LaJ3AG7GUwv5POnRBYBBXxG-g&s
ab765661-eb45-424e-ac36-10df2dabd391,2eec52b6-35a4-57ee-8591-72283071f9e3,Super declined chest press,Super declined chest press,chest,lower_chest,machine,1.0,,,false,0.0,270.0,"{""value"": 5.0}",kg,https://encrypted-tbn0.gstatic.com/images?q=tbn:ANd9GcSpxt2n8yks2il2vTVMLC9FE5R4ZDcCOd3SvA&s
432c0565-c5f2-40f3-8882-349a0c9ccdb5,2eec52b6-35a4-57ee-8591-72283071f9e3,Three Angles Biceps Machine,Three Angles Biceps Machine,arms,biceps,machine,1.0,5.0,kg,false,0.0,220.0,"{""value"": 5.0}",kg,https://encrypted-tbn0.gstatic.com/images?q=tbn:ANd9GcS5ygM16G-9e8n2gmn22-Dm6vfNALML3DSfzQ&s
52327eb7-9ae7-4732-80b9-e33e18eaa7c5,2eec52b6-35a4-57ee-8591-72283071f9e3,Biceps Machine,Biceps Machine,arms,biceps,machine,1.0,0.0,kg,false,5.0,100.0,"{""value"": 5.0}",kg,https://encrypted-tbn0.gstatic.com/images?q=tbn:ANd9GcQCW9isRNQjx7TAAKqKRxR_KenMB0CzyGNrUg&s
39109cfa-6ee4-4a7d-a931-1fd4a02c3851,2eec52b6-35a4-57ee-8591-72283071f9e3,Preacher curl bench,Preacher curl bench,arms,biceps,machine,1.0,10.0,kg,false,0.0,60.0,"{""value"": 5.0}",kg,https://encrypted-tbn0.gstatic.com/images?q=tbn:ANd9GcQhJJurnxZ0b5StVl1PweY_xKhJxsyS3PJRGg&s
0b90c575-35a4-4e8c-af92-56873b895d50,2eec52b6-35a4-57ee-8591-72283071f9e3,Triceps Machine,Triceps Machine,arms,triceps,machine,1.0,,,false,5.0,100.0,"{""value"": 5.0}",kg,https://encrypted-tbn0.gstatic.com/images?q=tbn:ANd9GcTQyTGLq0l2WSjQZsR99cyhKvbdCiwJngLHZg&s
8d17772a-72cd-480a-ac24-9a578d462d88,2eec52b6-35a4-57ee-8591-72283071f9e3,2-Station Multi Gym,2-Station Multi Gym,arms,triceps,machine,1.0,,,false,5.0,80.0,"{""value"": 5.0}",kg,https://encrypted-tbn0.gstatic.com/images?q=tbn:ANd9GcQ_8eTmSw6C4zoZ7rU5VqGQzq6RIR61YQlXCg&s
22523f1a-dfbf-482f-8247-196e1f894688,2eec52b6-35a4-57ee-8591-72283071f9e3,Horizontal Adjustable leg press,Horizontal Adjustable leg press,legs,quads,machine,1.0,,,false,10.0,200.0,"{""value"": 10.0}",kg,https://encrypted-tbn0.gstatic.com/images?q=tbn:ANd9GcToXDBpbKpURfZ-uezLtjovbYPFkZMfVUWedA&s
a10ba94c-8406-4a24-b2ba-4b4a4e3dc580,2eec52b6-35a4-57ee-8591-72283071f9e3,Leg Extension,Leg Extension,legs,quads,machine,1.0,,,false,5.0,80.0,"{""value"": 5.0}",kg,https://encrypted-tbn0.gstatic.com/images?q=tbn:ANd9GcRXV-XyzevVTaMJScq0ORfHQLZErWqByblM6w&s
df067c60-2308-4fde-b89c-f23caa796db7,2eec52b6-35a4-57ee-8591-72283071f9e3,Hack Squat,Hack Squat,legs,quads,machine,1.0,40.0,kg,false,0.0,310.0,"{""value"": 5.0}",kg,https://encrypted-tbn0.gstatic.com/images?q=tbn:ANd9GcQiS1TConvVGJAaQdrDHTKVBaKtC4P3cmuEhQ&s
b036a564-a3ef-4cf9-b2ba-33a633ec2b94,2eec52b6-35a4-57ee-8591-72283071f9e3,Pendulum squat,Pendulum squat,legs,quads,machine,1.0,25.0,kg,false,0.0,220.0,"{""value"": 5.0}",kg,https://encrypted-tbn0.gstatic.com/images?q=tbn:ANd9GcS9-LzzoXkJB75mDCzqIn6eYUDHPkxKOMdZNg&s
f6fe186b-bff6-40ee-9672-23abbe856b6d,2eec52b6-35a4-57ee-8591-72283071f9e3,Smith machine,Smith machine,legs,quads,barbell,1.0,15.0,kg,false,0.0,300.0,"{""value"": 5.0}",kg,https://encrypted-tbn0.gstatic.com/images?q=tbn:ANd9GcS6xrYDCkgJFCB8NSAZiN0syaDa-A4zpA7E9A&s
0375f89d-ad2e-42bc-a2c7-3a4482e0ffbc,2eec52b6-35a4-57ee-8591-72283071f9e3,Leg Curl,Leg Curl,legs,hamstrings,machine,1.0,,,false,5.0,50.0,"{""value"": 5.0}",kg,https://encrypted-tbn0.gstatic.com/images?q=tbn:ANd9GcRANnj8kQV5UoaPZPr6NHyl2cG4MuXxk1b6ow&s
7331485c-c1c0-4798-b157-b1cac104f378,2eec52b6-35a4-57ee-8591-72283071f9e3,Seated Leg Curl,Seated Leg Curl,legs,hamstrings,machine,1.0,,,false,5.0,50.0,"{""value"": 5.0}",kg,https://encrypted-tbn0.gstatic.com/images?q=tbn:ANd9GcR0WF1Z0noSvGevv005-_BvyInQ85PP0QuSvA&s
c33f7772-e9ec-485b-8f23-5378f504d995,2eec52b6-35a4-57ee-8591-72283071f9e3,Abdominal Crunch,Abdominal Crunch,core,abs,machine,1.0,,,false,5.0,50.0,"{""value"": 5.0}",kg,https://encrypted-tbn0.gstatic.com/images?q=tbn:ANd9GcRUmcB9XAm1VLhVkzBXhLjBhRD7WiT9ButRvA&s
1cf084a3-bc08-4875-9163-4e6aeee6a055,2eec52b6-35a4-57ee-8591-72283071f9e3,Oblique,Oblique,core,abs,machine,1.0,,,false,5.0,50.0,"{""value"": 5.0}",kg,https://encrypted-tbn0.gstatic.com/images?q=tbn:ANd9GcRUmcB9XAm1VLhVkzBXhLjBhRD7WiT9ButRvA&s
45efe227-5806-5d60-90e3-30dd1850c16a,ae5eaca3-7a8c-5957-99db-a902ba8acc5b,Preacher Curl,Preacher Curl,arms,biceps,machine,1.0,,,false,0,120,"{""value"": 5.0}",kg,
351ce983-fa20-5676-a05c-37e7cf9b4837,1decce92-8e90-5ce9-94c4-d66989a4981d,Leg Press,Leg Press,legs,quads,machine,1.0,,,false,0,300,"{""value"": 5.0}",kg,
8e672b7c-89b9-5596-aaa4-f20d888b3386,ae5eaca3-7a8c-5957-99db-a902ba8acc5b,Hack Squat,Hack Squat,legs,quads,machine,1.0,,,false,0,120,"{""value"": 5.0}",kg,
f19ec570-cfe3-5093-8bc2-764ce5e43d26,d151cfa6-307d-5fff-acb4-8223c8db85d9,Hack Slide,Hack Slide,legs,quads,machine,1.0,,,false,0,120,"{""value"": 5.0}",kg,
8db23cf2-ff9a-580f-8615-55c1f5b7d2d8,d151cfa6-307d-5fff-acb4-8223c8db85d9,Plate Loaded Incline Press,Plate Loaded Incline Press,chest,upper_chest,machine,1.0,,,false,0,120,"{""value"": 5.0}",kg,
fa0d0b81-9759-5f4b-8567-ba9a23a0a4ea,1decce92-8e90-5ce9-94c4-d66989a4981d,Lat Pulldown,Lat Pulldown,back,upper_back,machine,1.0,,,false,5,100,"{""value"": 5.0}",kg,
a97c569a-fda7-5431-b694-14fac355921d,1decce92-8e90-5ce9-94c4-d66989a4981d,Shoulder Press,Shoulder Press,shoulders,front_delt,machine,2.0,,,false,5,100,"{""value"": 5.0}",kg,
4989dc12-d0be-580d-a9b6-219ebd81add2,1decce92-8e90-5ce9-94c4-d66989a4981d,Chest Press,Chest Press,chest,mid_chest,machine,1.0,,,false,5,100,"{""value"": 5.0}",kg,
59c360a7-6bab-5bdd-af4f-f642a0b29089,1decce92-8e90-5ce9-94c4-d66989a4981d,Incline Press,Incline Press,chest,upper_chest,machine,1.0,,,false,5,100,"{""value"": 5.0}",kg,
14eea95a-3c5f-5e5d-a31e-37ac32953b2a,d151cfa6-307d-5fff-acb4-8223c8db85d9,Plate Loaded Seated Row,Plate Loaded Seated Row,back,lower_back,machine,1.0,,,false,0,120,"{""value"": 5.0}",kg,
48255be6-dd0b-564a-9c80-65969f2f7f81,d151cfa6-307d-5fff-acb4-8223c8db85d9,Plate Loaded Shoulder Press,Plate Loaded Shoulder Press,shoulders,front_delt,machine,1.0,,,false,0,120,"{""value"": 5.0}",kg,
b3266141-9f33-5929-a6ee-26e78ee3ac46,c0802a7e-b07a-5bcb-826a-ef45a8188a7c,Hip Thrust Machine,Hip Thrust Machine,legs,,machine,1.0,,,false,0,120,"{""value"": 5.0}",kg,
be8c8a43-281e-5331-8539-e5ecf1b2cba1,1decce92-8e90-5ce9-94c4-d66989a4981d,M-Torture Front Row,M-Torture Front Row,back,upper_back,machine,1.0,,,false,0,120,"{""value"": 5.0}",kg,
568857d6-f3e0-5905-9f60-18ce5180a4e1,d151cfa6-307d-5fff-acb4-8223c8db85d9,Plate Loaded Pulldown,Plate Loaded Pulldown,back,upper_back,machine,1.0,,,false,0,120,"{""value"": 5.0}",kg,
a8e1e289-f261-5a16-bca8-09b2afb30016,6dc8a99d-5fe9-5736-9704-e8820d9805b3,Linear Row / Assisted T-Bar Row,Linear Row / Assisted T-Bar Row,back,lower_back,machine,1.0,,,false,0,120,"{""value"": 5.0}",kg,
f9fadf1e-6004-5297-b8d3-7b7a9c1a1bb1,1decce92-8e90-5ce9-94c4-d66989a4981d,Seated Leg Press,Seated Leg Press,legs,quads,machine,1.0,,,false,7.5,150,"{""value"": 7.5}",kg,
dc823fdb-8cc0-59db-8d4a-7fd03575723d,1decce92-8e90-5ce9-94c4-d66989a4981d,Low Pulley (Seated Cable Row),Low Pulley (Seated Cable Row),back,lower_back,machine,1.0,,,false,5,100,"{""value"": 5.0}",kg,
c92e39a8-4faf-59d4-9bcb-fad9de96c2df,d151cfa6-307d-5fff-acb4-8223c8db85d9,Seated Row,Seated Row,back,lower_back,machine,2.0,,,false,5,100,"{""value"": 5.0}",kg,
325e25e2-4b64-5d2b-8e8e-e6871f9657b3,d151cfa6-307d-5fff-acb4-8223c8db85d9,Lat Pulldown,Lat Pulldown,back,upper_back,machine,1.0,,,false,5,100,"{""value"": 5.0}",kg,
2ca108c5-6153-5b7b-9b22-530ef902178c,1decce92-8e90-5ce9-94c4-d66989a4981d,Assisted Dip/Chin,Assisted Dip/Chin,arms,triceps,machine,1.0,,,false,5,90,"{""value"": 5.0}",kg,
9f5ad84b-ff44-5267-83e5-b1eaf7e3bf8d,1decce92-8e90-5ce9-94c4-d66989a4981d,Pectoral Fly / Rear Deltoid,Pectoral Fly / Rear Deltoid,shoulders,rear_delt,machine,2.0,,,false,5,100,"{""value"": 5.0}",kg,
d1547e9f-ba27-5993-9b4e-6f5d5f7661e8,d151cfa6-307d-5fff-acb4-8223c8db85d9,Pec Fly / Rear Delt,Pec Fly / Rear Delt,shoulders,rear_delt,machine,2.0,,,false,5,100,"{""value"": 5.0}",kg,
9696a691-2dff-5b7f-90d3-7ea38f576381,d151cfa6-307d-5fff-acb4-8223c8db85d9,Inner out thigh,Inner out thigh,legs,,machine,1.0,,,false,5,100,"{""value"": 5.0}",kg,
3194d412-0a32-505b-a2a7-ab0432506d7f,1decce92-8e90-5ce9-94c4-d66989a4981d,Hip adduction/abduction,Hip adduction/abduction,legs,,machine,1.0,,,false,7.5,112.5,"{""value"": 7.5}",kg,
7d60b6f1-912d-5d6b-9585-2ac56d8f4c1a,d151cfa6-307d-5fff-acb4-8223c8db85d9,Seated leg curl,Seated leg curl,legs,hamstrings,machine,1.0,,,false,5,100,"{""value"": 5.0}",kg,
d12dd92d-9357-59ab-a391-9883b0bc994c,d151cfa6-307d-5fff-acb4-8223c8db85d9,Leg curl,Leg curl,legs,hamstrings,machine,1.0,,,false,5,100,"{""value"": 5.0}",kg,
f13b498f-5922-5387-806b-be9639fee4c3,d151cfa6-307d-5fff-acb4-8223c8db85d9,Leg extension,Leg extension,legs,quads,machine,1.0,,,false,5,100,"{""value"": 5.0}",kg,
ca9ba9fb-5a5a-56c1-9937-73c500b62220,1decce92-8e90-5ce9-94c4-d66989a4981d,Leg extension,Leg extension,legs,quads,machine,1.0,,,false,5,100,"{""value"": 5.0}",kg,
bf3d0dde-84e3-510c-a43c-d0b017565431,d151cfa6-307d-5fff-acb4-8223c8db85d9,Cable,Cable,back,upper_back,cable,2.0,,,false,5,75,"{""value"": 5.0}",kg,
e94bec5c-a634-58e9-872f-8f63eee2b625,1decce92-8e90-5ce9-94c4-d66989a4981d,Cable,Cable,back,upper_back,cable,2.0,,,false,5,100,"{""value"": 5.0}",kg,
f970fcc9-53e4-5c3c-9faf-24baa5105448,,Barbell,Barbell,,,barbell,1.0,20,kg,false,0,200,"{""value"": 5.0}",kg,
a0b9376d-c6b1-5ea9-bb64-91b11560deae,,Dumbbell,Dumbbell,,,dumbbell,1.0,,,false,2,40,"{""pattern"": [{""from"": 1, ""to"": 10, ""value"": 2.0}, {""from"": 11, ""to"": 14, ""value"": 2.5}, {""from"": 15, ""to"": 16, ""value"": 5.0}]}",kg,
fe005947-b93d-5c51-bdb9-9dad2a8d11bb,,Smith machine,Smith machine,,,barbell,1.0,15,kg,false,0,200,"{""value"": 5.0}",kg,
