id,updated_at,brand_id,name_en,name,category,sub_category,equipment_type,pulley_ratio,bar_weight,has_weight_assist,min_stack,max_stack,stack_weight,image_url,bar_weight_unit,stack_unit,is_freeweight
03814c50-4988-42fa-9358-b09ded728116,2026-06-04T08:30:35.872252,1decce92-8e90-5ce9-94c4-d66989a4981d,Abdominal Crunch,어브도미널 크런치 머신,core,abs,machine,1,,FALSE,5,75,"{""value"": 5.0}",https://cdn-optimized.imweb.me/upload/S20230404ba35399600d96/d8449d940dc57.png?w=1920,,kg,FALSE
13052afb-36e6-4fef-8e5d-e6048c40e9a6,2026-06-04T08:30:35.872252,1decce92-8e90-5ce9-94c4-d66989a4981d,Advance Incline Chest Press,인클라인 체스트 프레스 머신,chest,upper_chest,machine,0.5,,FALSE,5,100,"{""value"": 5.0}",https://cdn.imweb.me/thumbnail/20230607/e87c83733fc1e.png,,kg,FALSE
27632a4b-d5e9-40df-ba5a-6152d4153619,2026-06-04T08:30:35.872252,1decce92-8e90-5ce9-94c4-d66989a4981d,Advance Lat Pulldown,랫 풀다운,back,upper_back,machine,0.5,,FALSE,5,125,"{""value"": 5.0}",https://cdn-optimized.imweb.me/thumbnail/20241005/a185de1752b78.png?w=750,,kg,FALSE
b4975333-9543-4b69-8926-dd3c9e4e0fb6,2026-06-04T08:30:35.872252,1decce92-8e90-5ce9-94c4-d66989a4981d,Advance Pec Deck Fly (Reverse),펙덱 플라이 머신 (리버스),shoulders,rear_delt,machine,0.5,,FALSE,5,100,"{""value"": 5.0}",https://cdn-optimized.imweb.me/upload/S20230404ba35399600d96/3187d893538c7.png?w=1920,,kg,FALSE
b2640296-a9cf-4722-a1b3-2eafeab53059,2026-06-04T08:30:35.872252,1decce92-8e90-5ce9-94c4-d66989a4981d,Advance Power Leg Press,파워 레그 프레스 머신,legs,quads,machine,1,,FALSE,0,120,"{""value"": 5.0}",https://cdn-optimized.imweb.me/thumbnail/20241121/f753231d59394.png?w=750,,kg,FALSE
e4913cd6-efd3-43d5-981a-45b5bc239977,2026-06-04T08:30:35.872252,1decce92-8e90-5ce9-94c4-d66989a4981d,Advance Seated Chest Press,시티드 체스트 프레스 머신,chest,mid_chest,machine,0.5,,FALSE,5,100,"{""value"": 5.0}",https://cdn-optimized.imweb.me/thumbnail/20230720/fa550808f1e55.png?w=750,,kg,FALSE
8b92bac4-98be-4277-bae3-e45b39629d22,2026-06-04T08:30:35.872252,1decce92-8e90-5ce9-94c4-d66989a4981d,Advance Seated Dip,시티드 딥 머신,arms,triceps,machine,1,,FALSE,5,100,"{""value"": 5.0}",https://cdn-optimized.imweb.me/upload/S20230404ba35399600d96/0cebcf43f4d2c.png?w=1920,,kg,FALSE
74a84bde-b231-4aa9-9046-e1e1c935bada,2026-06-04T08:30:35.872252,1decce92-8e90-5ce9-94c4-d66989a4981d,Advance Shoulder Press,숄더 프레스 머신,shoulders,front_delt,machine,0.5,,FALSE,5,125,"{""value"": 5.0}",https://cdn.imweb.me/thumbnail/20241005/d7807c4933046.png,,kg,FALSE
c7ed172e-530b-4053-8970-76a1af1db288,2026-06-04T08:30:35.872252,1decce92-8e90-5ce9-94c4-d66989a4981d,Arm Curl,암 컬 머신,arms,biceps,machine,1,,FALSE,5,100,"{""value"": 5.0}",https://cdn-optimized.imweb.me/upload/S20230404ba35399600d96/e17a42e266f75.png?w=1920,,kg,FALSE
2ca108c5-6153-5b7b-9b22-530ef902178c,2026-06-04T08:30:35.872252,1decce92-8e90-5ce9-94c4-d66989a4981d,Assisted Dip/Chin,어시스티드 딥/친 머신,arms,triceps,machine,1,,TRUE,5,90,"{""value"": 5.0}",https://cdn.imweb.me/thumbnail/20240617/2bb862c9e5f32.png,,kg,FALSE
e94bec5c-a634-58e9-872f-8f63eee2b625,2026-06-04T08:30:35.872252,1decce92-8e90-5ce9-94c4-d66989a4981d,Cable,케이블 머신,back,upper_back,cable,0.5,,FALSE,5,100,"{""value"": 5.0}",https://cdn-optimized.imweb.me/upload/S20230404ba35399600d96/8589dc9bb2705.png?w=1920,,kg,FALSE
4989dc12-d0be-580d-a9b6-219ebd81add2,2026-06-04T08:30:35.872252,1decce92-8e90-5ce9-94c4-d66989a4981d,Chest Press,체스트 프레스 머신,chest,mid_chest,machine,1,,FALSE,5,100,"{""value"": 5.0}",https://cdn-optimized.imweb.me/upload/S20230404ba35399600d96/f7668612634b3.png?w=1920,,kg,FALSE
1f50a13b-9e6a-4735-99e0-ee1c288d7678,2026-06-04T08:30:35.872252,1decce92-8e90-5ce9-94c4-d66989a4981d,GHD 90° Roman Chair,GHD 90° 로만 체어,back,lower_back,machine,1,,FALSE,,,,https://cdn-optimized.imweb.me/thumbnail/20240626/6961d356cc86b.png?w=750,,,FALSE
602a5d88-860c-4e29-b93f-274a45b7278e,2026-06-04T08:30:35.872252,1decce92-8e90-5ce9-94c4-d66989a4981d,Hack Squat,핵 스쿼트 머신,legs,quads,machine,1,,FALSE,0,120,"{""value"": 5.0}",https://cdn-optimized.imweb.me/upload/S20230404ba35399600d96/684825218fff3.png?w=1920,,kg,FALSE
3194d412-0a32-505b-a2a7-ab0432506d7f,2026-06-04T08:30:35.872252,1decce92-8e90-5ce9-94c4-d66989a4981d,Hip adduction/abduction,힙 어덕션/어브덕션 머신,legs,,machine,1,,FALSE,7.5,112.5,"{""value"": 7.5}",https://cdn-optimized.imweb.me/upload/S20230404ba35399600d96/3cd7160914a90.png?w=1920,,kg,FALSE
59c360a7-6bab-5bdd-af4f-f642a0b29089,2026-06-04T08:30:35.872252,1decce92-8e90-5ce9-94c4-d66989a4981d,Incline Press,인클라인 프레스 머신,chest,upper_chest,machine,1,,FALSE,5,100,"{""value"": 5.0}",https://cdn-optimized.imweb.me/thumbnail/20240522/1c243ca2c28cd.png?w=750,,kg,FALSE
fa0d0b81-9759-5f4b-8567-ba9a23a0a4ea,2026-06-04T08:30:35.872252,1decce92-8e90-5ce9-94c4-d66989a4981d,Lat Pulldown,랫 풀다운 머신,back,upper_back,machine,1,,FALSE,5,100,"{""value"": 5.0}",https://cdn-optimized.imweb.me/upload/S20230404ba35399600d96/93d9d1adb3521.png?w=1920,,kg,FALSE
ca9ba9fb-5a5a-56c1-9937-73c500b62220,2026-06-04T08:30:35.872252,1decce92-8e90-5ce9-94c4-d66989a4981d,Leg extension,레그 익스텐션,legs,quads,machine,1,,FALSE,5,100,"{""value"": 5.0}",https://cdn-optimized.imweb.me/upload/S20230404ba35399600d96/11b75d83d3544.png?w=1920,,kg,FALSE
351ce983-fa20-5676-a05c-37e7cf9b4837,2026-06-04T08:30:35.872252,1decce92-8e90-5ce9-94c4-d66989a4981d,Leg Press,레그 프레스,legs,quads,machine,1,,FALSE,0,300,"{""value"": 5.0}",https://cdn-optimized.imweb.me/upload/S20230404ba35399600d96/b7474b69a0fa5.png?w=1920,,kg,FALSE
dc823fdb-8cc0-59db-8d4a-7fd03575723d,2026-06-04T08:30:35.872252,1decce92-8e90-5ce9-94c4-d66989a4981d,Low Pulley (Seated Cable Row),시티드 케이블 로우 / 로우 풀리,back,lower_back,machine,1,,FALSE,5,100,"{""value"": 5.0}",https://cdn-optimized.imweb.me/upload/S20230404ba35399600d96/a32479704072f.png?w=1920,,kg,FALSE
7bb7197f-89dc-466a-906d-15e1b8b0906b,2026-06-04T08:30:35.872252,1decce92-8e90-5ce9-94c4-d66989a4981d,Lying Leg Curl,라잉 레그 컬,legs,hamstrings,machine,0.5,,FALSE,5,125,"{""value"": 5.0}",https://cdn-optimized.imweb.me/thumbnail/20240523/e756323f97a73.png?w=750,,kg,FALSE
be8c8a43-281e-5331-8539-e5ecf1b2cba1,2026-06-04T08:30:35.872252,1decce92-8e90-5ce9-94c4-d66989a4981d,M-Torture Front Row,프론트 로우 머신,back,upper_back,machine,1,,FALSE,0,120,"{""value"": 5.0}",https://cdn.imweb.me/thumbnail/20241121/2cfe49146dca0.png,,kg,FALSE
e6a22037-ad56-4e23-b10f-1d718a443276,2026-06-04T08:30:35.872252,1decce92-8e90-5ce9-94c4-d66989a4981d,Over Head Extension,오버헤드 익스텐션,arms,triceps,machine,1,,FALSE,0,120,"{""value"": 5.0}",https://cdn-optimized.imweb.me/upload/S20230404ba35399600d96/50f93dec07c95.png?w=1920,,kg,FALSE
344e3a37-a266-477b-8ffd-3f03e00cf2c8,2026-06-04T08:30:35.872252,1decce92-8e90-5ce9-94c4-d66989a4981d,Pec Deck Fly,펙덱 플라이,chest,mid_chest,machine,0.5,,FALSE,0,120,"{""value"": 5.0}",https://cdn.imweb.me/thumbnail/20250227/cae9d020a3231.png,,kg,FALSE
9f5ad84b-ff44-5267-83e5-b1eaf7e3bf8d,2026-06-04T08:30:35.872252,1decce92-8e90-5ce9-94c4-d66989a4981d,Pec Deck Fly With Reverse,펙덱 플라이 / 리버스 펙덱,shoulders,rear_delt,machine,0.5,,FALSE,5,100,"{""value"": 5.0}",https://cdn.imweb.me/thumbnail/20240522/aa328f063b4cf.png,,kg,FALSE
209b9675-eca3-4bb8-8246-42ffd3c88bfe,2026-06-04T08:30:35.872252,1decce92-8e90-5ce9-94c4-d66989a4981d,Plate Decline Chest Press,플레이트 디클라인 체스트 프레스,chest,lower_chest,machine,1,,FALSE,0,120,"{""value"": 5.0}",https://cdn.imweb.me/thumbnail/20240626/433451d3302e8.png,,kg,FALSE
67ee5817-ce22-40e8-b40d-96a8c505cba4,2026-06-04T08:30:35.872252,1decce92-8e90-5ce9-94c4-d66989a4981d,Preacher Curl,프리처 컬,arms,biceps,machine,1,7.5,FALSE,0,100,"{""value"": 5.0}",https://cdn-optimized.imweb.me/thumbnail/20240626/238370125d653.png?w=750,kg,kg,FALSE
f9fadf1e-6004-5297-b8d3-7b7a9c1a1bb1,2026-06-04T08:30:35.872252,1decce92-8e90-5ce9-94c4-d66989a4981d,Seated Leg Press,시티드 레그 프레스,legs,quads,machine,1,,FALSE,7.5,150,"{""value"": 7.5}",https://cdn.imweb.me/thumbnail/20241005/64aa6299f0cb8.png,,kg,FALSE
a97c569a-fda7-5431-b694-14fac355921d,2026-06-04T08:30:35.872252,1decce92-8e90-5ce9-94c4-d66989a4981d,Shoulder Press,숄더 프레스,shoulders,front_delt,machine,0.5,,FALSE,5,100,"{""value"": 5.0}",https://cdn.imweb.me/thumbnail/20241121/ac128c9f39f24.png,,kg,FALSE
8382e747-afcd-470b-b41f-7a0dd3e2a834,2026-06-04T08:30:35.872252,1decce92-8e90-5ce9-94c4-d66989a4981d,Side Lateral Raise,사이드 레터럴 레이즈,shoulders,side_delt,machine,1,,FALSE,5,100,"{""value"": 5.0}",https://cdn-optimized.imweb.me/thumbnail/20240617/cef87581efb74.png?w=750,,kg,FALSE
71cd26ee-394a-4669-9e1a-c4fdc554dc9e,2026-06-04T08:30:35.872252,1decce92-8e90-5ce9-94c4-d66989a4981d,Torque Line Chest & Decline Combo,토크 라인 체스트 & 디클라인 콤보,chest,lower_chest,machine,1,,FALSE,0,120,"{""value"": 5.0}",https://cdn-optimized.imweb.me/thumbnail/20231104/02e790ae82f67.png?w=750,,kg,FALSE
e4b68832-bd2d-4996-a062-f08c96736e23,2026-06-04T08:30:35.872252,1decce92-8e90-5ce9-94c4-d66989a4981d,Torque Line Front Row,토크 라인 프론트 로우,back,upper_back,machine,1,,FALSE,0,120,"{""value"": 5.0}",https://cdn-optimized.imweb.me/upload/S20230404ba35399600d96/f14b562d56395.png?w=1920,,kg,FALSE
67bda34c-d1b7-4ae7-aa43-11bb74ae40a7,2026-06-04T08:30:35.872252,1decce92-8e90-5ce9-94c4-d66989a4981d,Torque Line Incline Chest Press,토크 라인 인클라인 체스트 프레스,chest,upper_chest,machine,1,,FALSE,0,120,"{""value"": 5.0}",https://cdn-optimized.imweb.me/thumbnail/20241223/86f8f1556274f.png?w=750,,kg,FALSE
9e7a9577-1a5e-49bf-bf5c-7a990bbdb227,2026-06-04T08:30:35.872252,1decce92-8e90-5ce9-94c4-d66989a4981d,Torque Line Kneeling Leg Curl,토크 라인 닐링 레그 컬,legs,hamstrings,machine,1,,FALSE,0,120,"{""value"": 5.0}",https://cdn-optimized.imweb.me/upload/S20230404ba35399600d96/b9198460dbaa3.png?w=1920,,kg,FALSE
d5123039-4a87-4e5c-97fd-bfcff2e65ed8,2026-06-04T08:30:35.872252,1decce92-8e90-5ce9-94c4-d66989a4981d,Torque Line Low Row,토크 라인 로우 로우,back,lower_back,machine,1,,FALSE,0,120,"{""value"": 5.0}",https://cdn-optimized.imweb.me/upload/S20230404ba35399600d96/950078b9074c3.png?w=1920,,kg,FALSE
98aeba22-b028-49c2-adfb-b74ac5384589,2026-06-04T08:30:35.872252,1decce92-8e90-5ce9-94c4-d66989a4981d,Torque Line Seated Row,토크 라인 시티드 로우,back,lower_back,machine,1,,FALSE,0,120,"{""value"": 5.0}",https://cdn-optimized.imweb.me/upload/S20230404ba35399600d96/73e8ab4cc699b.png?w=1920,,kg,FALSE
77138264-6d7e-422d-b23f-033ffab52c10,2026-06-04T08:30:35.872252,1decce92-8e90-5ce9-94c4-d66989a4981d,Torque Line Shoulder Press,토크 라인 숄더 프레스,shoulders,front_delt,machine,1,,FALSE,0,120,"{""value"": 5.0}",https://cdn-optimized.imweb.me/thumbnail/20241121/ac128c9f39f24.png?w=750,,kg,FALSE
814ba304-6aa1-4ba7-ba97-04df06fd8848,2026-06-04T08:30:35.872252,1decce92-8e90-5ce9-94c4-d66989a4981d,Torque Line Wide Chest Press,토크 라인 와이드 체스트 프레스,chest,mid_chest,machine,1,,FALSE,0,120,"{""value"": 5.0}",https://cdn-optimized.imweb.me/thumbnail/20240628/d852b1c7e8cd9.png?w=750,,kg,FALSE
724fbe01-a574-4b36-a28e-dcdcfdfcdae5,2026-06-04T08:30:35.872252,1decce92-8e90-5ce9-94c4-d66989a4981d,Torque Line Wide Pulldown Front,토크 라인 와이드 풀다운 프론트,back,upper_back,machine,1,,FALSE,0,120,"{""value"": 5.0}",https://cdn.imweb.me/thumbnail/20240604/e340605775f8c.png,,kg,FALSE
b9b0ee51-610e-4546-bbf1-6172c3736808,2026-06-04T08:30:35.872252,1decce92-8e90-5ce9-94c4-d66989a4981d,Torque Line Wide Pulldown Rear,토크 라인 와이드 풀다운 리어,back,upper_back,machine,1,,FALSE,0,120,"{""value"": 5.0}",https://cdn-optimized.imweb.me/thumbnail/20241121/425aa3e3731ba.png?w=750,,kg,FALSE
41428c51-d3da-45dc-8d06-316247033d1d,2026-06-04T08:30:35.872252,1decce92-8e90-5ce9-94c4-d66989a4981d,V-Squat,브이스쿼트,legs,quads,machine,1,,FALSE,0,120,"{""value"": 5.0}",https://sposportsmall.co.kr/web/product/big/202401/f287ccb309db321df1804e002b6c09cf.png,,kg,FALSE
f6fe186b-bff6-40ee-9672-23abbe856b6d,2026-05-31T16:26:28.901057,2eec52b6-35a4-57ee-8591-72283071f9e3,Smith machine,스미스 머신,legs,quads,machine,1,15,FALSE,0,300,"{""value"": 5.0}",https://encrypted-tbn0.gstatic.com/images?q=tbn:ANd9GcS6xrYDCkgJFCB8NSAZiN0syaDa-A4zpA7E9A&s,kg,kg,TRUE
df067c60-2308-4fde-b89c-f23caa796db7,2026-06-04T08:30:35.872252,2eec52b6-35a4-57ee-8591-72283071f9e3,Hack Squat,핵스쿼트,legs,quads,machine,1,40,FALSE,0,310,"{""value"": 5.0}",https://encrypted-tbn0.gstatic.com/images?q=tbn:ANd9GcQiS1TConvVGJAaQdrDHTKVBaKtC4P3cmuEhQ&s,kg,kg,FALSE
0375f89d-ad2e-42bc-a2c7-3a4482e0ffbc,2026-06-04T08:30:35.872252,2eec52b6-35a4-57ee-8591-72283071f9e3,Leg Curl,레그 컬,legs,hamstrings,machine,1,,FALSE,5,50,"{""value"": 5.0}",https://encrypted-tbn0.gstatic.com/images?q=tbn:ANd9GcRANnj8kQV5UoaPZPr6NHyl2cG4MuXxk1b6ow&s,,kg,FALSE
7331485c-c1c0-4798-b157-b1cac104f378,2026-06-04T08:30:35.872252,2eec52b6-35a4-57ee-8591-72283071f9e3,Seated Leg Curl,시티드 레그 컬,legs,hamstrings,machine,1,,FALSE,5,50,"{""value"": 5.0}",https://encrypted-tbn0.gstatic.com/images?q=tbn:ANd9GcR0WF1Z0noSvGevv005-_BvyInQ85PP0QuSvA&s,,kg,FALSE
c33f7772-e9ec-485b-8f23-5378f504d995,2026-06-04T08:30:35.872252,2eec52b6-35a4-57ee-8591-72283071f9e3,Abdominal Crunch,앱도미널 크런치,core,abs,machine,1,,FALSE,5,50,"{""value"": 5.0}",https://encrypted-tbn0.gstatic.com/images?q=tbn:ANd9GcRUmcB9XAm1VLhVkzBXhLjBhRD7WiT9ButRvA&s,,kg,FALSE
1cf084a3-bc08-4875-9163-4e6aeee6a055,2026-06-04T08:30:35.872252,2eec52b6-35a4-57ee-8591-72283071f9e3,Oblique,오블리크,core,abs,machine,1,,FALSE,5,50,"{""value"": 5.0}",https://encrypted-tbn0.gstatic.com/images?q=tbn:ANd9GcRUmcB9XAm1VLhVkzBXhLjBhRD7WiT9ButRvA&s,,kg,FALSE
0c6816c6-27e5-4cb2-a998-09ae8ef3a566,2026-06-04T08:30:35.872252,2eec52b6-35a4-57ee-8591-72283071f9e3,Super Horizontal Bench Press,슈퍼 호리존탈 벤치 프레스,chest,mid_chest,machine,1,10,FALSE,0,270,"{""value"": 5.0}",https://encrypted-tbn0.gstatic.com/images?q=tbn:ANd9GcTlchoxAiBGnV3B_bBJ18S1pb1GEDtQqLVMSQ&s,kg,kg,FALSE
5d7c3d55-2f30-4d43-97f5-5cddce04c959,2026-06-04T08:30:35.872252,2eec52b6-35a4-57ee-8591-72283071f9e3,Vertical chest press,버티컬 체스트 프레스,chest,mid_chest,machine,1,,FALSE,5,100,"{""value"": 5.0}",https://encrypted-tbn0.gstatic.com/images?q=tbn:ANd9GcQzfcayVjCZDHqYWd4c4ghNGyzn6y6m7Cr2Qg&s,,kg,FALSE
15282ad6-a3fc-4be8-a95a-5e974632adff,2026-06-04T08:30:35.872252,2eec52b6-35a4-57ee-8591-72283071f9e3,Multi Press,멀티 프레스,chest,mid_chest,machine,1,,FALSE,5,80,"{""value"": 5.0}",https://encrypted-tbn0.gstatic.com/images?q=tbn:ANd9GcQi61juK7Pc4LaJ3AG7GUwv5POnRBYBBXxG-g&s,,kg,FALSE
910c3910-c313-47a6-8c7f-9161eea7de3d,2026-06-04T08:30:35.872252,2eec52b6-35a4-57ee-8591-72283071f9e3,Inclined Chest Press,인클라인 체스트 프레스,chest,upper_chest,machine,1,5,FALSE,0,120,"{""value"": 5.0}",https://encrypted-tbn0.gstatic.com/images?q=tbn:ANd9GcT8IoGZnul2_S_ldz_UPpLBWmnzYFVOSjskdg&s,kg,kg,FALSE
20092f3c-4999-49bd-8ba6-4f51b5d0014e,2026-06-04T08:30:35.872252,2eec52b6-35a4-57ee-8591-72283071f9e3,Multipurpose Press,멀티퍼포즈 프레스,chest,upper_chest,machine,1,,FALSE,5,100,"{""value"": 5.0}",https://encrypted-tbn0.gstatic.com/images?q=tbn:ANd9GcSgWSYQAQboLW2pLTTiUt-bUPc3y3tj4ECwVw&s,,kg,FALSE
ab765661-eb45-424e-ac36-10df2dabd391,2026-06-04T08:30:35.872252,2eec52b6-35a4-57ee-8591-72283071f9e3,Super declined chest press,슈퍼 디클라인 체스트 프레스,chest,lower_chest,machine,1,,FALSE,0,270,"{""value"": 5.0}",https://encrypted-tbn0.gstatic.com/images?q=tbn:ANd9GcSpxt2n8yks2il2vTVMLC9FE5R4ZDcCOd3SvA&s,,kg,FALSE
2a76d9ef-83a4-422d-ac89-dbfc9ad989dc,2026-06-04T08:30:35.872252,2eec52b6-35a4-57ee-8591-72283071f9e3,Vertical Pec Deck,버티컬 펙덱,chest,mid_chest,machine,1,,FALSE,5,150,"{""value"": 5.0}",https://encrypted-tbn0.gstatic.com/images?q=tbn:ANd9GcQ3mkoElIOzBgEXlUSGJCMfvNxzrZK5vWVe3w&s,,kg,FALSE
73068157-25fc-4359-817f-e4820f8eaa3f,2026-06-04T08:30:35.872252,2eec52b6-35a4-57ee-8591-72283071f9e3,Lat Pulldown,랫 풀다운,back,upper_back,machine,1,,FALSE,5,100,"{""value"": 5.0}",https://encrypted-tbn0.gstatic.com/images?q=tbn:ANd9GcS1B8lVq5Ep1ycCZfPLYVkaGJbJ2AjWhBB8Lg&s,,kg,FALSE
92e82d08-8376-4b76-a3f6-9701d49d33a1,2026-06-04T08:30:35.872252,2eec52b6-35a4-57ee-8591-72283071f9e3,Lat Pulldown SC,랫 풀다운 SC,back,upper_back,machine,1,,FALSE,5,80,"{""value"": 5.0}",https://encrypted-tbn0.gstatic.com/images?q=tbn:ANd9GcTi3t_71Uu8lDLyeBOJciNV_eZbIgcDO9boaw&s,,kg,FALSE
ec620436-cabb-4f29-8813-1645eb4bd0ee,2026-06-04T08:30:35.872252,2eec52b6-35a4-57ee-8591-72283071f9e3,Super lat pulldown circular,슈퍼 랫 풀다운 서큘러,back,upper_back,machine,1,,FALSE,0,240,"{""value"": 5.0}",https://encrypted-tbn0.gstatic.com/images?q=tbn:ANd9GcTjBABHJ5b71zhGG_dOp1cUJyedfdOWzjCCXQ&s,,kg,FALSE
22cbf7fd-44b5-429f-99dd-c90cf252935a,2026-06-04T08:30:35.872252,2eec52b6-35a4-57ee-8591-72283071f9e3,High Row,하이 로우,back,upper_back,machine,1,,FALSE,0,270,"{""value"": 5.0}",https://encrypted-tbn0.gstatic.com/images?q=tbn:ANd9GcQgzG9mEg_mBPeXnk0UpeHHaddChC2jyLLh4w&s,,kg,FALSE
91b90e10-cf49-4586-8bf2-f95b474f015b,2026-06-04T08:30:35.872252,2eec52b6-35a4-57ee-8591-72283071f9e3,Pullover Machine,풀오버 머신,back,upper_back,machine,1,,FALSE,5,100,"{""value"": 5.0}",https://encrypted-tbn0.gstatic.com/images?q=tbn:ANd9GcRUkCi62gDO_iImFM-WvC8SvkOCMmgWrKlbng&s,,kg,FALSE
462123c8-665c-4973-b92f-af706f03ca79,2026-06-04T08:30:35.872252,2eec52b6-35a4-57ee-8591-72283071f9e3,Pulley Row,풀리 로우 / 케이블 로우,back,lower_back,machine,1,,FALSE,5,80,"{""value"": 5.0}",https://encrypted-tbn0.gstatic.com/images?q=tbn:ANd9GcQjV8yo9wP3pSTRLT2Ch6bu7vc1t7GFA_VPdg&s,,kg,FALSE
b4b7db6f-fbd9-4a84-b21f-58328c0b0d00,2026-06-04T08:30:35.872252,2eec52b6-35a4-57ee-8591-72283071f9e3,Low Row,로우 로우,back,lower_back,machine,1,5,FALSE,0,270,"{""value"": 5.0}",https://encrypted-tbn0.gstatic.com/images?q=tbn:ANd9GcSkNpTzHzbCb_CmWeAEITHeMPz2CfBkcgpmJQ&s,kg,kg,FALSE
656293a3-578d-43e8-b80f-c224c0d93c0e,2026-06-04T08:30:35.872252,2eec52b6-35a4-57ee-8591-72283071f9e3,Adjustable back extension,어저스터블 백 익스텐션,back,lower_back,machine,1,,FALSE,,,,https://encrypted-tbn0.gstatic.com/images?q=tbn:ANd9GcR_gamG7GYYzT4i3BDELumXPTB-7rNJMt1WTw&s,,,FALSE
d9b7ac61-fdd3-4ab7-8be0-27b7d505df0d,2026-06-04T08:30:35.872252,2eec52b6-35a4-57ee-8591-72283071f9e3,Multi Press,멀티 프레스,shoulders,front_delt,machine,1,,FALSE,5,80,"{""value"": 5.0}",https://encrypted-tbn0.gstatic.com/images?q=tbn:ANd9GcQN34r8T9K6WtOfqYeKc3XdxgL4diKbTKq1yQ&s,,kg,FALSE
4cacbc8f-26dd-48ec-a7cd-0f3a0426af3c,2026-06-04T08:30:35.872252,2eec52b6-35a4-57ee-8591-72283071f9e3,Lateral deltoids,측면 삼각근 / 사이드 레터럴,shoulders,side_delt,machine,1,,FALSE,0,220,"{""value"": 5.0}",https://encrypted-tbn0.gstatic.com/images?q=tbn:ANd9GcSZGcBNS2jTOXful9wigpIxHyPQSbYVaM4V7Q&s,,kg,FALSE
a1a42a00-dcd6-4a92-a8bb-2361e297bf55,2026-06-04T08:30:35.872252,2eec52b6-35a4-57ee-8591-72283071f9e3,Back deltoids,후면 삼각근 / 리어 델트,shoulders,rear_delt,machine,1,,FALSE,0,220,"{""value"": 5.0}",https://encrypted-tbn0.gstatic.com/images?q=tbn:ANd9GcRnXztvdoZtiZx03V6TIAd2YcoKTME-pSDDlA&s,,kg,FALSE
6fddb51b-6c16-4e9f-b815-415e7601ac03,2026-06-04T08:30:35.872252,2eec52b6-35a4-57ee-8591-72283071f9e3,Peck Back,펙 백 / 리어 델트 머신,shoulders,rear_delt,machine,1,,FALSE,5,100,"{""value"": 5.0}",https://encrypted-tbn0.gstatic.com/images?q=tbn:ANd9GcRvOie-DO2wsCsa6QKfCuBlRF4-cYIMkXsE8A&s,,kg,FALSE
432c0565-c5f2-40f3-8882-349a0c9ccdb5,2026-06-04T08:30:35.872252,2eec52b6-35a4-57ee-8591-72283071f9e3,Three Angles Biceps Machine,쓰리 앵글 바이셉스 머신,arms,biceps,machine,1,5,FALSE,0,220,"{""value"": 5.0}",https://encrypted-tbn0.gstatic.com/images?q=tbn:ANd9GcS5ygM16G-9e8n2gmn22-Dm6vfNALML3DSfzQ&s,kg,kg,FALSE
52327eb7-9ae7-4732-80b9-e33e18eaa7c5,2026-06-04T08:30:35.872252,2eec52b6-35a4-57ee-8591-72283071f9e3,Biceps Machine,바이셉스 머신,arms,biceps,machine,1,0,FALSE,5,100,"{""value"": 5.0}",https://encrypted-tbn0.gstatic.com/images?q=tbn:ANd9GcQCW9isRNQjx7TAAKqKRxR_KenMB0CzyGNrUg&s,kg,kg,FALSE
39109cfa-6ee4-4a7d-a931-1fd4a02c3851,2026-06-04T08:30:35.872252,2eec52b6-35a4-57ee-8591-72283071f9e3,Preacher curl bench,프리처 컬 벤치,arms,biceps,machine,1,10,FALSE,0,60,"{""value"": 5.0}",https://encrypted-tbn0.gstatic.com/images?q=tbn:ANd9GcQhJJurnxZ0b5StVl1PweY_xKhJxsyS3PJRGg&s,kg,kg,FALSE
0b90c575-35a4-4e8c-af92-56873b895d50,2026-06-04T08:30:35.872252,2eec52b6-35a4-57ee-8591-72283071f9e3,Triceps Machine,트라이셉스 머신 ,arms,triceps,machine,1,,FALSE,5,100,"{""value"": 5.0}",https://encrypted-tbn0.gstatic.com/images?q=tbn:ANd9GcTQyTGLq0l2WSjQZsR99cyhKvbdCiwJngLHZg&s,,kg,FALSE
8d17772a-72cd-480a-ac24-9a578d462d88,2026-06-04T08:30:35.872252,2eec52b6-35a4-57ee-8591-72283071f9e3,2-Station Multi Gym,투 스테이션 멀티짐,arms,triceps,machine,1,,FALSE,5,80,"{""value"": 5.0}",https://encrypted-tbn0.gstatic.com/images?q=tbn:ANd9GcQ_8eTmSw6C4zoZ7rU5VqGQzq6RIR61YQlXCg&s,,kg,FALSE
22523f1a-dfbf-482f-8247-196e1f894688,2026-06-04T08:30:35.872252,2eec52b6-35a4-57ee-8591-72283071f9e3,Horizontal Adjustable leg press,수평 조절식 레그 프레스,legs,quads,machine,1,,FALSE,10,200,"{""value"": 10.0}",https://encrypted-tbn0.gstatic.com/images?q=tbn:ANd9GcToXDBpbKpURfZ-uezLtjovbYPFkZMfVUWedA&s,,kg,FALSE
a10ba94c-8406-4a24-b2ba-4b4a4e3dc580,2026-06-04T08:30:35.872252,2eec52b6-35a4-57ee-8591-72283071f9e3,Leg Extension,레그 익스텐션,legs,quads,machine,1,,FALSE,5,80,"{""value"": 5.0}",https://encrypted-tbn0.gstatic.com/images?q=tbn:ANd9GcRXV-XyzevVTaMJScq0ORfHQLZErWqByblM6w&s,,kg,FALSE
b036a564-a3ef-4cf9-b2ba-33a633ec2b94,2026-06-04T08:30:35.872252,2eec52b6-35a4-57ee-8591-72283071f9e3,Pendulum squat,펜듈럼 스쿼트,legs,quads,machine,1,25,FALSE,0,220,"{""value"": 5.0}",https://encrypted-tbn0.gstatic.com/images?q=tbn:ANd9GcS9-LzzoXkJB75mDCzqIn6eYUDHPkxKOMdZNg&s,kg,kg,FALSE
5bfab158-11ac-4dac-8ea2-462a7e95b233,2026-06-04T08:30:35.872252,5a83446f-440a-5e5a-8071-f62e6244cbe6,Plate Loaded Iso-Lateral Bench Press,플레이트 로드 아이소레터럴 벤치 프레스,chest,mid_chest,machine,1,7,FALSE,0,100,"{""value"": 5.0}",https://www.lifefitness.com.au/wp-content/uploads/2015/02/IL-BP-MIDBLK-Iso-Lateral-Bench-Press.jpg,lb,kg,FALSE
33e41f49-5a0a-4a67-bb84-e296e897667b,2026-06-04T08:30:35.872252,5a83446f-440a-5e5a-8071-f62e6244cbe6,MTS Iso-Lateral Chest Press,MTS 아이소레터럴 체스트 프레스,chest,mid_chest,machine,1,,FALSE,10,150,"{""value"": 10.0}",https://www.lifefitness.com.au/wp-content/uploads/2020/07/CS-HSMTS_MTSCP-hero.png,,lb,FALSE
a330d5f3-7577-467f-8ea4-25bc6549c4d0,2026-06-04T08:30:35.872252,5a83446f-440a-5e5a-8071-f62e6244cbe6,MTS Iso-Lateral Incline Press,MTS 아이소레터럴 인클라인 프레스,chest,upper_chest,machine,1,,FALSE,10,150,"{""value"": 10.0}",https://www.lifefitness.com.au/wp-content/uploads/2020/07/CS-HSMTS_MTSIP-hero.png,,lb,FALSE
de9899fe-ebe1-48d3-8f1d-e97fb3cab291,2026-06-04T08:30:35.872252,5a83446f-440a-5e5a-8071-f62e6244cbe6,Plate Loaded Iso-Lateral Incline Press,플레이트 로드 아이소레터럴 인클라인 프레스,chest,upper_chest,machine,1,8,FALSE,0,100,"{""value"": 5.0}",https://www.lifefitness.com.au/wp-content/uploads/2015/02/IL-IP-MIDBLK-Iso-Lateral-Incline-Press-720x720.jpg.webp,lb,kg,FALSE
ca83c9ee-1ef4-4061-9477-db0d4e5dc8b1,2026-06-04T08:30:35.872252,5a83446f-440a-5e5a-8071-f62e6244cbe6,MTS Iso-Lateral Decline Press,MTS 아이소레터럴 디클라인 프레스,chest,lower_chest,machine,1,,FALSE,10,150,"{""value"": 10.0}",https://www.lifefitness.com.au/wp-content/uploads/2020/07/CS-HSMTS_MTSDP-hero.png,,lb,FALSE
ca6e2e7b-b2ee-4b0a-85fb-2ee516373357,2026-06-04T08:30:35.872252,5a83446f-440a-5e5a-8071-f62e6244cbe6,MTS Iso-Lateral Front Pulldown,MTS 아이소레터럴 프론트 풀다운,back,upper_back,machine,1,,FALSE,10,150,"{""value"": 10.0}",https://www.lifefitness.com.au/wp-content/uploads/2020/07/CS-HSMTS_MTSFP-hero.png,,lb,FALSE
00f1ee81-9b15-43b8-aa1e-f4497ce00ed9,2026-06-04T08:30:35.872252,5a83446f-440a-5e5a-8071-f62e6244cbe6,Hammer Strength Select Pulldown,슬렉트 풀다운,back,upper_back,machine,1,,FALSE,10,295,"{""value"": 15.0}",https://shop.lifefitness.com/cdn/shop/files/outlet-hammer-strength-select-lat-pulldown-charcoal-black-1000x1000_1200x1200.jpg?v=1748945131,,lb,FALSE
c0e9d8dd-ef31-449c-92a0-5f533132e578,2026-06-04T08:30:35.872252,5a83446f-440a-5e5a-8071-f62e6244cbe6,Iso-Lateral Wide Pulldown,아이소레터럴 와이드 풀다운,back,upper_back,machine,1,2,FALSE,0,120,"{""value"": 5.0}",https://encrypted-tbn0.gstatic.com/images?q=tbn:ANd9GcTr3gpMtnWzAnytxA-7_DgdWTIG6ebJru6S6Q&s,lb,kg,FALSE
b6bc5c86-ff02-48a0-a35c-9ee42172700f,2026-06-04T08:30:35.872252,5a83446f-440a-5e5a-8071-f62e6244cbe6,Iso-Lateral High Row,아이소레터럴 하이 로우,back,upper_back,machine,1,,FALSE,0,120,"{""value"": 5.0}",https://www.lifefitness.com.au/wp-content/uploads/2015/02/IL-HR-MIDBLK-Iso-Lateral-High-Row.jpg,,kg,FALSE
4cfb1e70-3807-469a-8b56-072766c52ab4,2026-06-04T08:30:35.872252,5a83446f-440a-5e5a-8071-f62e6244cbe6,MTS Iso-Lateral High Row,MTS 아이소레터럴 하이 로우,back,upper_back,machine,1,,FALSE,10,150,"{""value"": 10.0}",https://www.lifefitness.com.au/wp-content/uploads/2020/07/CS-HSMTS_MTSHR-hero.png,,lb,FALSE
fde366f4-3d4a-434d-b9ea-953ac2450e3d,2026-06-04T08:30:35.872252,5a83446f-440a-5e5a-8071-f62e6244cbe6,Hammer Strength Select Seated Row,셀렉트 시티드 로우,back,lower_back,machine,1,,FALSE,10,295,"{""value"": 15.0}",https://www.lifefitness.com.au/wp-content/uploads/2020/07/HSSelect-SeatedRow-01CPR-hero.png,,lb,FALSE
ae593cd8-56a9-4175-ac62-599358819a80,2026-06-04T08:30:35.872252,5a83446f-440a-5e5a-8071-f62e6244cbe6,MTS Iso-Lateral Row,MTS 아이소레터럴 로우,back,lower_back,machine,1,,FALSE,10,150,"{""value"": 10.0}",https://shop.lifefitness.com/cdn/shop/files/hammer-strength-motion-technology-selectorizediso-lateral-rowbase-charcoal-black_1200x1200.jpg?v=1774898265,,lb,FALSE
1a4c5c46-b772-42eb-8d8f-d3193c870411,2026-06-04T08:30:35.872252,5a83446f-440a-5e5a-8071-f62e6244cbe6,T-Bar Row,티바 로우,back,lower_back,machine,1,40,FALSE,0,175,"{""value"": 5.0}",https://www.lifefitness.com/Kentico13CoreBase/media/LFMedia/LifeFitnessImages/Equipment/Strength/Plate-Loaded/T-Bar%20Row/Strength-PlateLoaded-TBarRow-Render-1.png?ext=.png,lb,kg,FALSE
7c8d3d90-04b9-432b-ab25-22d706821801,2026-06-04T08:30:35.872252,5a83446f-440a-5e5a-8071-f62e6244cbe6,MTS Iso-Lateral Shoulder Press,MTS 아이소레터럴 숄더 프레스,shoulders,front_delt,machine,1,,FALSE,10,150,"{""value"": 10.0}",https://www.lifefitness.com.au/wp-content/uploads/2020/07/CS-HSMTS_MTSSP-hero.png,,lb,FALSE
d45d8acd-a416-4170-9a2e-5e65c3a573ae,2026-06-04T08:30:35.872252,5a83446f-440a-5e5a-8071-f62e6244cbe6,Hammer Strength Select Shoulder Press,셀렉트 숄더 프레스,shoulders,front_delt,machine,1,,FALSE,10,200,"{""pattern"": [{""to"": 5, ""from"": 1, ""value"": 10.0}, {""to"": 15, ""from"": 6, ""value"": 15.0}]}",https://shop.lifefitness.com/cdn/shop/files/outlet-hammer-strength-select-shoulder-press-charcoal-black-1000x1000_1200x1200.jpg?v=1748945064,,lb,FALSE
8c53382f-ef12-4f5e-aaca-c82c07ec35b0,2026-06-04T08:30:35.872252,5a83446f-440a-5e5a-8071-f62e6244cbe6,Plate Loaded Iso-Lateral Shoulder Press,플레이트 로드 아이소레터럴 숄더 프레스,shoulders,front_delt,machine,1,10,FALSE,0,80,"{""value"": 5.0}",https://www.lifefitness.com.au/wp-content/uploads/2025/08/IL-SP-RED-CHR-BLK-2.png.webp,lb,kg,FALSE
69a902e8-51c5-405b-bb7c-76cbf2a05acd,2026-06-04T08:30:35.872252,5a83446f-440a-5e5a-8071-f62e6244cbe6,Hammer Strength Select Lateral Raise,셀렉트 레터럴 레이즈,shoulders,side_delt,machine,0.5,,FALSE,10,200,"{""pattern"": [{""to"": 5, ""from"": 1, ""value"": 10.0}, {""to"": 15, ""from"": 6, ""value"": 15.0}]}",https://www.lifefitness.com/Kentico13CoreBase/media/LFMedia/LifeFitnessImages/MediaSync/31-695-hammer-strength-select-lateral-raise-image.jpg?h=630&w=1200,,lb,FALSE
1c1c2fc5-6230-4763-8a32-193aeba72a5f,2026-06-04T08:30:35.872252,5a83446f-440a-5e5a-8071-f62e6244cbe6,Plate Loaded Lateral Raise,플레이트 로드 레터럴 레이즈,shoulders,side_delt,machine,1,1,FALSE,0,30,"{""value"": 5.0}",https://encrypted-tbn0.gstatic.com/images?q=tbn:ANd9GcTmwCQnDliuC-oblLLEwcFmzHdJ1hG_W_zx_w&s,lb,kg,FALSE
f97ee435-5cd5-44dd-87e3-fa35a7bfce54,2026-06-04T08:30:35.872252,5a83446f-440a-5e5a-8071-f62e6244cbe6,Select Pectoral Fly/Rear Deltoid,펙토럴 플라이 / 리어 델트 머신,shoulders,rear_delt,machine,1,,FALSE,10,295,"{""value"": 15.0}",https://www.lifefitness.com.au/wp-content/uploads/2020/07/HSSelect-PecFlyRearDelt-01CPL-hero.png,,lb,FALSE
f6600405-5fd9-4aa5-864a-0d5788e79546,2026-06-04T08:30:35.872252,5a83446f-440a-5e5a-8071-f62e6244cbe6,Plate Loaded Super Fly,플레이트 로드 슈퍼 플라이,shoulders,rear_delt,machine,1,14,FALSE,0,60,"{""value"": 5.0}",https://encrypted-tbn0.gstatic.com/images?q=tbn:ANd9GcSdwizD9IgMRtj4qH7Ye8pRpecK3p1P8vIt-w&s,lb,kg,FALSE
c24bd57b-1db7-4d96-a7f7-c75117203b11,2026-06-04T08:30:35.872252,5a83446f-440a-5e5a-8071-f62e6244cbe6,Plate Loaded Seated Biceps,플레이트 로드 시티드 바이셉스,arms,biceps,machine,1,4,FALSE,0,100,"{""value"": 5.0}",https://www.lifefitness.com.au/wp-content/uploads/2015/02/PL-BI-MIDBL-Seated-Biceps.jpg,lb,kg,FALSE
f9173625-8b40-46a9-b67b-4b2aba396968,2026-06-04T08:30:35.872252,5a83446f-440a-5e5a-8071-f62e6244cbe6,MTS Iso-Lateral Biceps Curl,MTS 아이소레터럴 바이셉스 컬,arms,biceps,machine,1,,FALSE,10,100,"{""value"": 10.0}",https://www.lifefitness.com.au/wp-content/uploads/2025/05/Iso-Lateral-Biceps-Curl.jpg,,lb,FALSE
92127a9c-730e-4013-92ce-85873a4b4028,2026-06-04T08:30:35.872252,5a83446f-440a-5e5a-8071-f62e6244cbe6,Hammer Strength Select Biceps Curl,셀렉트 바이셉스 컬,arms,biceps,machine,1,,FALSE,10,200,"{""pattern"": [{""to"": 5, ""from"": 1, ""value"": 10.0}, {""to"": 15, ""from"": 6, ""value"": 15.0}]}",https://shop.lifefitness.com/cdn/shop/files/hammer-strength-selectbiceps-curl-charcoal-black-1000x1000_1200x1200.jpg?v=1748945074,,lb,FALSE
cf32e0d1-1d00-4014-9ad0-acf6b20b90a7,2026-06-04T08:30:35.872252,5a83446f-440a-5e5a-8071-f62e6244cbe6,MTS Iso-Lateral Triceps Extension,MTS 아이소레터럴 트라이셉스 익스텐션,arms,triceps,machine,1,,FALSE,10,100,"{""value"": 10.0}",https://www.lifefitness.com.au/wp-content/uploads/2020/07/CS-HSMTS_MTSTE-hero.png,,lb,FALSE
6d981d81-6667-44bc-a240-dfd64f62134b,2026-06-04T08:30:35.872252,5a83446f-440a-5e5a-8071-f62e6244cbe6,Hammer Strength Select Triceps Extension,셀렉트 트라이셉스 익스텐션,arms,triceps,machine,1,,FALSE,10,200,"{""pattern"": [{""to"": 5, ""from"": 1, ""value"": 10.0}, {""to"": 15, ""from"": 6, ""value"": 15.0}]}",https://www.lifefitness.com.au/wp-content/uploads/2020/07/HSSelect-TriExtension-01CPH-hero.png,,lb,FALSE
91dd2f21-b791-4ea8-8305-01482d045eaa,2026-06-04T08:30:35.872252,5a83446f-440a-5e5a-8071-f62e6244cbe6,Hammer Strength Select Assist Dip / Chin,셀렉트 어시스트 딥/친업,arms,triceps,machine,1,,FALSE,10,175,"{""value"": 15.0}",https://www.lifefitness.com.au/wp-content/uploads/2020/07/HSSelect-AsstDipChin-01CPR-hero.png,,lb,FALSE
b6f855d3-27cf-41cb-9696-fbacc05c8529,2026-06-04T08:30:35.872252,5a83446f-440a-5e5a-8071-f62e6244cbe6,Plate Loaded Seated Dip,플레이트 로드 시티드 딥 머신,arms,triceps,machine,1,3,FALSE,0,100,"{""value"": 5.0}",https://encrypted-tbn0.gstatic.com/images?q=tbn:ANd9GcQBWpw9hwNqXtc1tlPtLo07PtoGj2SFEaCXaw&s,lb,kg,FALSE
1bde4266-92b5-429b-9f9d-ecbadf143715,2026-06-04T08:30:35.872252,5a83446f-440a-5e5a-8071-f62e6244cbe6,Plate Loaded Leg Press,플레이트 로드 레그 프레스,legs,quads,machine,1,21,FALSE,0,120,"{""value"": 5.0}",https://www.lifefitness.com.au/wp-content/uploads/2025/05/10-1536x1536.jpg.webp,lb,kg,FALSE
21524b6c-e1e3-45cc-b82e-c258dc963044,2026-06-04T08:30:35.872252,5a83446f-440a-5e5a-8071-f62e6244cbe6,Hammer Strength Select Seated Leg Press,셀렉트 시티드 레그 프레스,legs,quads,machine,1,,FALSE,10,390,"{""value"": 20.0}",https://www.lifefitness.com.au/wp-content/uploads/2020/07/HSSelect-LegPress-01CPL-hero-400x400.png,,lb,FALSE
f54d70f0-9362-4330-8e4f-4c61faa36b92,2026-06-04T08:30:35.872252,5a83446f-440a-5e5a-8071-f62e6244cbe6,Hammer Strength Select Leg Extension,셀렉트 레그 익스텐션,legs,quads,machine,1,,FALSE,10,295,"{""value"": 15.0}",https://www.lifefitness.com.au/wp-content/uploads/2020/07/HSSelect-LegExtension-01CPH-hero.png,,lb,FALSE
20f53b69-e1d9-4cd1-8f40-09fe644c4141,2026-06-04T08:30:35.872252,5a83446f-440a-5e5a-8071-f62e6244cbe6,Plate Loaded Hack Squat,플레이트 로드 핵스쿼트,legs,quads,machine,1,125,FALSE,0,160,"{""value"": 5.0}",https://shop.lifefitness.com/cdn/shop/files/plate-loaded-hammer-strength-hack-squat-black_1200x1200.jpg?v=1748945156,lb,kg,FALSE
4f0113a1-b2cf-49d1-b9ad-843049a4b94b,2026-06-04T08:30:35.872252,5a83446f-440a-5e5a-8071-f62e6244cbe6,Plate Loaded V-Squat,플레이트 로드 V스쿼트,legs,quads,machine,1,54,FALSE,0,120,"{""value"": 5.0}",https://www.lifefitness.com.au/wp-content/uploads/2015/02/PLVSQ-WG.jpg,lb,kg,FALSE
1bbfc63e-e90a-4d6f-91fa-d427746c461c,2026-06-04T08:30:35.872252,5a83446f-440a-5e5a-8071-f62e6244cbe6,MTS Iso-Lateral Leg Curl,MTS 아이소레터럴 레그 컬,legs,hamstrings,machine,1,,FALSE,10,150,"{""value"": 10.0}",https://www.lifefitness.com.au/wp-content/uploads/2020/07/CS-HSMTS_MTSKC-hero.png,,lb,FALSE
468015e1-14ae-4df5-bf34-dc7e479dbc9f,2026-06-04T08:30:35.872252,5a83446f-440a-5e5a-8071-f62e6244cbe6,Hammer Strength Select Leg Curl,셀렉트 레그 컬,legs,hamstrings,machine,1,,FALSE,10,200,"{""pattern"": [{""to"": 5, ""from"": 1, ""value"": 10.0}, {""to"": 15, ""from"": 6, ""value"": 15.0}]}",https://shop.lifefitness.com/cdn/shop/files/outlet-hammer-strength-select-leg-curl-charcoal-black-1000x1000_1200x1200.jpg?v=1746125128,,lb,FALSE
5d130ddc-e1c6-45d9-af22-5378ecdc570a,2026-06-04T08:30:35.872252,5a83446f-440a-5e5a-8071-f62e6244cbe6,Plate Loaded Iso-Lateral Leg Curl,플레이트 로드 아이소레터럴 레그 컬,legs,hamstrings,machine,1,2,FALSE,0,30,"{""value"": 5.0}",https://www.lifefitness.com.au/wp-content/uploads/2015/02/IL-LC-CUSTOM.jpg,lb,kg,FALSE
1081a8d8-c2bc-4d38-bd4f-ab22a66fef1e,2026-06-04T08:30:35.872252,5a83446f-440a-5e5a-8071-f62e6244cbe6,Plate Loaded Assisted Nordic Ham,플레이트 로드 어시스트 노르딕 햄,legs,hamstrings,machine,1,18,FALSE,0,80,"{""value"": 5.0}",https://encrypted-tbn0.gstatic.com/images?q=tbn:ANd9GcSzw5WOCP8UEG8NI4LpS-Y0E3YyuBUfdek9jQ&s,lb,kg,FALSE
312c973a-1aa9-4bc2-aa19-c383ba560fcf,2026-06-04T08:30:35.872252,5a83446f-440a-5e5a-8071-f62e6244cbe6,MTS Abdominal Crunch,MTS 앱도미널 크런치,core,abs,machine,1,,FALSE,10,150,"{""value"": 10.0}",https://www.lifefitness.com.au/wp-content/uploads/2020/07/CS-HSMTS_MTSAB-hero.png,,lb,FALSE
c1415ccb-9224-4781-9c84-8a74d9442f72,2026-06-04T08:30:35.872252,5a83446f-440a-5e5a-8071-f62e6244cbe6,Hammer Strength Select Abdominal Crunch,셀렉트 앱도미널 크런치,core,abs,machine,1,,FALSE,10,200,"{""pattern"": [{""to"": 5, ""from"": 1, ""value"": 10.0}, {""to"": 15, ""from"": 6, ""value"": 15.0}]}",https://www.lifefitness.com.au/wp-content/uploads/2015/02/Abdominal-Crunch.jpg,,lb,FALSE
b2ccccfe-ac97-4fbc-aa75-dc92f9a9f4fb,2026-06-04T08:30:35.872252,5a83446f-440a-5e5a-8071-f62e6244cbe6,Plate Loaded Abdominal / Oblique Crunch,플레이트 로드 복근/오블리크 크런치,core,abs,machine,1,25,FALSE,0,30,"{""value"": 5.0}",https://www.lifefitness.com.au/wp-content/uploads/2015/02/PL-AB-CUSTOM.jpg,lb,kg,FALSE
8420631d-e82e-5b73-8d15-d957c90b4254,2026-06-04T14:10:58.751631,6dc8a99d-5fe9-5736-9704-e8820d9805b3,Standing Shoulder Press,스탠딩 숄더 프레스,shoulders,front_delt,machine,1,,FALSE,0,120,"{""value"": 5.0}",,,kg,FALSE
6d072212-c936-5af1-8dc5-6f05a5deb1b2,2026-06-04T14:10:58.751631,6dc8a99d-5fe9-5736-9704-e8820d9805b3,Multi Linear Row,멀티 리니어 로우,back,upper_back,machine,1,,FALSE,0,120,"{""value"": 5.0}",https://salusgym.kr/wp-content/uploads/2026/01/multi-linear-row-100.jpg,,kg,FALSE
06d73bb4-7fce-51b6-ad03-e877eb6aaaf4,2026-05-27T12:22:26.457177,6dc8a99d-5fe9-5736-9704-e8820d9805b3,Assisted T-Bar Row,어시스트 티바 로우,back,,machine,1,,FALSE,0,120,"{""value"": 5.0}",,,kg,FALSE
45efe227-5806-5d60-90e3-30dd1850c16a,2026-06-04T08:30:35.872252,ae5eaca3-7a8c-5957-99db-a902ba8acc5b,Preacher Curl,프리처 컬,arms,biceps,machine,1,,FALSE,0,120,"{""value"": 5.0}",https://gym80.de/wp-content/uploads/2025/03/gym80_4338n_pure_kraft_bizepsmaschine_front.jpg,,kg,FALSE
8e672b7c-89b9-5596-aaa4-f20d888b3386,2026-06-04T08:30:35.872252,ae5eaca3-7a8c-5957-99db-a902ba8acc5b,Hack Squat,핵스쿼트,legs,quads,machine,1,,FALSE,0,120,"{""value"": 5.0}",https://cdn.prod.website-files.com/63fca1753f0de20d157dcc93/645cd1c9ed0e525b35123dca_642c0f8ad7e254e667d9b926_gym80_4159n_pure_kraft_hackenschmidt_overview-1536x960.jpeg,,kg,FALSE
b3266141-9f33-5929-a6ee-26e78ee3ac46,2026-06-04T08:30:35.872252,c0802a7e-b07a-5bcb-826a-ef45a8188a7c,Hip Thrust Machine,힙 쓰러스트 머신,legs,,machine,1,,FALSE,0,120,"{""value"": 5.0}",https://bootybuilder.com/wp-content/uploads/2022/07/Booty_Builder_Platinum_4_0_7.jpg,,kg,FALSE
8db23cf2-ff9a-580f-8615-55c1f5b7d2d8,2026-06-04T08:30:35.872252,d151cfa6-307d-5fff-acb4-8223c8db85d9,Plate Loaded Incline Press,플레이트 로드 인클라인 프레스,chest,upper_chest,machine,1,,FALSE,0,120,"{""value"": 5.0}",https://lh4.googleusercontent.com/proxy/DnFRlDKBoS4ZqSfErlgqBz25HUWqjdqN1sr9WnuP0ukpFxL-Ffg2eod7xIO3P4K9HIZBObTgPntjqk0STLeRHVDrDy-n8ZFNXf276WPuSGrX5HQjEDUSHw,,kg,FALSE
568857d6-f3e0-5905-9f60-18ce5180a4e1,2026-06-04T08:30:35.872252,d151cfa6-307d-5fff-acb4-8223c8db85d9,Plate Loaded Pulldown,플레이트 로드 풀다운,back,upper_back,machine,1,,FALSE,0,120,"{""value"": 5.0}",https://m.ptsports.co.kr/web/product/big/20200421/1ff1ca20039043a9dde9fbda3f86eedc.jpg,,kg,FALSE
325e25e2-4b64-5d2b-8e8e-e6871f9657b3,2026-06-04T08:30:35.872252,d151cfa6-307d-5fff-acb4-8223c8db85d9,Lat Pulldown,랫 풀다운,back,upper_back,machine,1,,FALSE,5,100,"{""value"": 5.0}",https://m.ptsports.co.kr/web/product/big/20200421/e9ed3400dcd3bf7b7837156b0d4db0f2.jpg,,kg,FALSE
bf3d0dde-84e3-510c-a43c-d0b017565431,2026-06-04T08:30:35.872252,d151cfa6-307d-5fff-acb4-8223c8db85d9,Cable,케이블 머신,back,upper_back,cable,0.5,,FALSE,5,75,"{""value"": 5.0}",https://lh6.googleusercontent.com/proxy/Nv6inOZB2usFDQNxIke7DspDReP9MGl9UoUk5PMv7sXHNY9zvBLwOB5N_p2ocSLQKNmJWQpU5K4fVEnCWZGlqJBQa1liEB1IDczZxGJHpGOff8Vw43wFaOk,,kg,FALSE
c92e39a8-4faf-59d4-9bcb-fad9de96c2df,2026-06-04T08:30:35.872252,d151cfa6-307d-5fff-acb4-8223c8db85d9,Seated Row,시티드 로우,back,lower_back,machine,0.5,,FALSE,5,100,"{""value"": 5.0}",https://sportsmaster.no/media/catalog/product/cache/3d38b864d9b64b07d45c94527d5a7159/l/e/lexco-lps121.png,,kg,FALSE
14eea95a-3c5f-5e5d-a31e-37ac32953b2a,2026-06-04T08:30:35.872252,d151cfa6-307d-5fff-acb4-8223c8db85d9,Plate Loaded Seated Row,플레이트 로드 시티드 로우,back,lower_back,machine,1,,FALSE,0,120,"{""value"": 5.0}",https://lh6.googleusercontent.com/proxy/bGxF-NTQehDEJZzkAFdM5YDBoCftfhzRvnQulBEIyVRrlWyHQ3pXk8qmvxoIG4GCx16HZ_iKWJ2X8YpKSvrrqQm-CbUxGv2JhHVCBJ4kHrnxhMU5v29u1kU,,kg,FALSE
48255be6-dd0b-564a-9c80-65969f2f7f81,2026-06-04T08:30:35.872252,d151cfa6-307d-5fff-acb4-8223c8db85d9,Plate Loaded Shoulder Press,플레이트 로드 숄더 프레스,shoulders,front_delt,machine,1,,FALSE,0,120,"{""value"": 5.0}",https://m.ptsports.co.kr/web/product/big/20200421/5a53e55f8b9624278f115a8e6e0e1591.jpg,,kg,FALSE
d1547e9f-ba27-5993-9b4e-6f5d5f7661e8,2026-06-04T08:30:35.872252,d151cfa6-307d-5fff-acb4-8223c8db85d9,Pec Fly / Rear Delt,펙 플라이 / 리어 델트,shoulders,rear_delt,machine,0.5,,FALSE,5,100,"{""value"": 5.0}",https://lh6.googleusercontent.com/proxy/Vig8_lHc2oGsdBxBKEQuQ2t4D0VnlDAf_s5lOLsvRt-M6IgUi0o_M-kstWSLFXO-M9fZVvhgz2S_im1Y29raLL9seDPZIdPoPynnotpB0kM3kh_nTzhuZw,,kg,FALSE
f13b498f-5922-5387-806b-be9639fee4c3,2026-06-04T08:30:35.872252,d151cfa6-307d-5fff-acb4-8223c8db85d9,Leg extension,레그 익스텐션,legs,quads,machine,1,,FALSE,5,100,"{""value"": 5.0}",https://lh6.googleusercontent.com/proxy/iiuFTvBBrM-gGUFYsq-CXDbC3QFjizP2DzBlT4uwxZHyTuCpPayTuhiNYM1PJi6Y4DtN8sZKJyN0P9pCwSbYmlYKT6FbvvmaPsuBO7U97WAh21oqT7I2JQ,,kg,FALSE
f19ec570-cfe3-5093-8bc2-764ce5e43d26,2026-06-04T08:30:35.872252,d151cfa6-307d-5fff-acb4-8223c8db85d9,Hack Slide,핵 슬라이드,legs,quads,machine,1,,FALSE,0,120,"{""value"": 5.0}",https://sportsmaster.no/media/catalog/product/cache/3d38b864d9b64b07d45c94527d5a7159/l/e/lexco-hack-squat-hedda.jpg,,kg,FALSE
7d60b6f1-912d-5d6b-9585-2ac56d8f4c1a,2026-06-04T08:30:35.872252,d151cfa6-307d-5fff-acb4-8223c8db85d9,Seated leg curl,시티드 레그 컬,legs,hamstrings,machine,1,,FALSE,5,100,"{""value"": 5.0}",https://lh5.googleusercontent.com/proxy/9mpEQkUGShJcUr4tilkEZp4PZMRrpgPTOXSZUs3DDVQQaY45S86bc9yuXmkdkgT6PtoQkwfOqpJmtk4tD_ISFI3cM5Bgw4YDsfMLGCiIr4T2205ZP_GCW2B9,,kg,FALSE
d12dd92d-9357-59ab-a391-9883b0bc994c,2026-06-04T08:30:35.872252,d151cfa6-307d-5fff-acb4-8223c8db85d9,Leg curl,레그 컬,legs,hamstrings,machine,1,,FALSE,5,100,"{""value"": 5.0}",https://lh3.googleusercontent.com/proxy/plvvOO6LB5fZN6zXOJ3iZRIABMAQMZ8St8Uz2qAlnbKHnZ74LAbJvg1dxFjnIxkUd9AmMMWAWsQmZfmXOWG4zNmexNBfH0vTQat_3VQrgYQYEuL-sEhAhXA,,kg,FALSE
9696a691-2dff-5b7f-90d3-7ea38f576381,2026-06-04T08:30:35.872252,d151cfa6-307d-5fff-acb4-8223c8db85d9,Inner out thigh,이너/아웃 타이,legs,,machine,1,,FALSE,5,100,"{""value"": 5.0}",https://m.ptsports.co.kr/web/product/big/20200421/77b15ed4f280bb6dfc1fc41f7147cde9.jpg,,kg,FALSE
